City_ID,City,Country,Date,Lat,Lng,Max Temp,Humidity,Cloudiness,Wind Speed
0,Pizarro,CO,2022-02-04 16:06:18,4.9533,-77.366,80.24,81,25,6.11
1,Pilar,BR,2022-02-04 16:06:19,-9.5972,-35.9567,87.73,47,41,13.35
2,Rikitea,PF,2022-02-04 16:06:19,-23.1203,-134.9692,77.97,72,97,11.07
3,Upata,VE,2022-02-04 16:06:19,8.0086,-62.3989,80.19,51,85,5.79
4,Busselton,AU,2022-02-04 16:06:20,-33.65,115.3333,73.09,73,0,6.46
5,Saskylakh,RU,2022-02-04 16:06:20,71.9167,114.0833,-8.19,99,100,4.21
6,Shetpe,KZ,2022-02-04 16:06:20,44.1667,52.1167,41.99,87,100,3.96
7,Millinocket,US,2022-02-04 16:06:21,45.6573,-68.7098,14.92,79,100,11.5
8,Qaanaaq,GL,2022-02-04 16:06:21,77.484,-69.3632,-7.37,61,96,8.88
9,Huambo,AO,2022-02-04 16:06:21,-12.7761,15.7392,63.63,88,100,1.12
10,Arraial Do Cabo,BR,2022-02-04 16:06:22,-22.9661,-42.0278,82.26,74,40,17.27
11,Tuktoyaktuk,CA,2022-02-04 16:06:22,69.4541,-133.0374,-25.58,100,55,9.46
12,Lubbock,US,2022-02-04 16:05:29,33.6001,-101.8338,18.37,71,0,7.0
13,Tessalit,ML,2022-02-04 16:06:22,20.1986,1.0114,78.3,7,0,15.61
14,Leningradskiy,RU,2022-02-04 16:06:23,69.3833,178.4167,-16.94,88,3,6.38
15,Svetlaya,RU,2022-02-04 16:06:23,46.5389,138.3297,8.22,72,88,9.15
16,Mataura,NZ,2022-02-04 16:06:23,-46.1927,168.8643,48.47,99,100,1.83
17,Nabire,ID,2022-02-04 16:06:24,-3.3667,135.4833,76.26,91,97,2.15
18,Iquitos,PE,2022-02-04 16:05:09,-3.7481,-73.2472,80.64,78,75,2.3
19,Dikson,RU,2022-02-04 16:06:24,73.5069,80.5464,-2.06,89,100,5.53
20,Ushuaia,AR,2022-02-04 16:01:46,-54.8,-68.3,59.07,40,51,2.26
21,Kerema,PG,2022-02-04 16:06:25,-7.9631,145.7785,76.59,90,98,9.46
22,Puerto Ayora,EC,2022-02-04 16:06:25,-0.7393,-90.3518,78.76,87,33,5.01
23,Saldanha,ZA,2022-02-04 16:06:25,-33.0117,17.9442,65.32,65,0,25.03
24,Bathsheba,BB,2022-02-04 16:06:26,13.2167,-59.5167,77.61,78,75,16.11
25,Kirovskiy,RU,2022-02-04 16:06:26,45.0917,133.5136,-4.68,99,100,3.56
26,Araguacu,BR,2022-02-04 16:06:26,-12.9306,-49.8264,87.06,65,73,3.74
27,Chokurdakh,RU,2022-02-04 16:06:27,70.6333,147.9167,-30.46,100,55,1.3
28,Talnakh,RU,2022-02-04 16:06:27,69.4865,88.3972,-4.97,96,99,7.94
29,Yellowknife,CA,2022-02-04 16:06:27,62.456,-114.3525,-35.72,75,20,8.05
30,Yumen,CN,2022-02-04 16:06:28,40.2833,97.2,17.35,41,100,14.76
31,Guerrero Negro,MX,2022-02-04 16:03:39,27.9769,-114.0611,54.1,35,0,0.72
32,Bengkulu,ID,2022-02-04 16:06:28,-3.8004,102.2655,73.89,97,100,7.27
33,The Valley,AI,2022-02-04 16:06:28,18.217,-63.0578,78.94,69,75,19.57
34,Kabalo,CD,2022-02-04 16:06:29,-6.05,26.9167,71.28,90,100,2.82
35,Kushmurun,KZ,2022-02-04 16:06:29,52.4503,64.6311,20.32,77,100,10.74
36,Cape Town,ZA,2022-02-04 16:05:02,-33.9258,18.4232,78.12,47,1,8.01
37,Saint Anthony,US,2022-02-04 16:06:30,45.0205,-93.218,6.12,75,75,1.99
38,Geraldton,AU,2022-02-04 16:06:30,-28.7667,114.6,72.01,49,0,2.3
39,Bredasdorp,ZA,2022-02-04 16:06:30,-34.5322,20.0403,70.29,48,40,15.5
40,Sakakah,SA,2022-02-04 16:06:31,29.9697,40.2064,54.18,38,35,6.96
41,Lungi,SL,2022-02-04 16:06:31,9.2212,-12.6831,100.35,8,0,3.71
42,Barrow,US,2022-02-04 16:06:16,71.2906,-156.7887,-29.18,68,0,6.91
43,Lebu,CL,2022-02-04 16:06:31,-37.6167,-73.65,64.76,77,12,15.28
44,Pisco,PE,2022-02-04 16:05:06,-13.7,-76.2167,75.02,73,0,8.05
45,Butaritari,KI,2022-02-04 16:06:32,3.0707,172.7902,82.02,75,11,17.0
46,Mabaruma,GY,2022-02-04 16:06:32,8.2,-59.7833,87.28,45,37,6.55
47,Erzin,TR,2022-02-04 16:07:33,36.9559,36.2,48.72,89,87,2.1
48,Castro,BR,2022-02-04 16:07:33,-24.7911,-50.0119,66.83,96,100,8.55
49,Longyearbyen,SJ,2022-02-04 16:07:33,78.2186,15.6401,17.44,67,0,21.85
50,Haines Junction,CA,2022-02-04 16:07:33,60.7522,-137.5108,-0.98,99,100,1.88
51,Khatanga,RU,2022-02-04 16:07:34,71.9667,102.5,-34.58,100,99,3.58
52,Ahuimanu,US,2022-02-04 16:07:34,21.4447,-157.8378,68.45,83,0,0.0
53,Padang,ID,2022-02-04 16:07:35,-0.9492,100.3543,75.76,93,100,3.8
54,Ribeira Grande,PT,2022-02-04 16:07:35,38.5167,-28.7,63.0,72,40,16.11
55,Hobart,AU,2022-02-04 16:07:35,-42.8794,147.3294,59.25,84,100,5.75
56,Kodiak,US,2022-02-04 16:07:36,57.79,-152.4072,33.31,80,0,5.75
57,Colquiri,BO,2022-02-04 16:07:36,-17.4167,-67.1333,42.76,76,99,4.81
58,Aklavik,CA,2022-02-04 16:07:36,68.2191,-135.0107,-28.21,98,69,15.77
59,Muli,MV,2022-02-04 16:07:37,2.9167,73.5667,82.27,73,84,10.25
60,New Norfolk,AU,2022-02-04 16:07:37,-42.7826,147.0587,58.91,73,81,1.77
61,Sokolo,ML,2022-02-04 16:07:37,14.7328,-6.1219,89.76,7,62,8.28
62,Ancud,CL,2022-02-04 16:07:38,-41.8697,-73.8203,65.23,74,86,5.41
63,Tiksi,RU,2022-02-04 16:07:38,71.6872,128.8694,-19.68,99,98,6.67
64,Acapulco,MX,2022-02-04 16:02:49,16.8634,-99.8901,80.42,69,0,3.44
65,Cortes,ES,2022-02-04 16:07:38,41.9395,-1.4396,60.85,57,98,16.02
66,Congonhas,BR,2022-02-04 16:07:39,-20.4997,-43.8578,75.99,82,95,6.11
67,Los Lunas,US,2022-02-04 16:03:10,34.8062,-106.7334,27.3,73,5,4.47
68,Te Anau,NZ,2022-02-04 16:07:39,-45.4167,167.7167,44.26,95,96,3.71
69,Cidreira,BR,2022-02-04 16:07:40,-30.1811,-50.2056,77.99,73,94,4.52
70,Vaini,TO,2022-02-04 16:07:40,-21.2,-175.2,79.84,84,100,20.33
71,Albany,US,2022-02-04 16:07:40,42.6001,-73.9662,27.82,86,100,4.0
72,Vardo,NO,2022-02-04 16:07:41,70.3705,31.1107,19.38,79,40,17.27
73,Victoria,HK,2022-02-04 16:03:11,22.2855,114.1577,57.33,72,7,1.01
74,Bratsk,RU,2022-02-04 16:07:41,56.1325,101.6142,10.89,95,100,5.1
75,Fairbanks,US,2022-02-04 16:05:28,64.8378,-147.7164,1.74,66,100,3.44
76,Banda Aceh,ID,2022-02-04 16:07:42,5.5577,95.3222,79.34,80,58,6.38
77,Tasiilaq,GL,2022-02-04 16:07:42,65.6145,-37.6368,17.76,58,100,35.48
78,Punta Arenas,CL,2022-02-04 16:07:42,-53.15,-70.9167,50.11,50,0,11.5
79,Lorengau,PG,2022-02-04 16:07:43,-2.0226,147.2712,80.55,75,74,6.96
80,Carnarvon,AU,2022-02-04 16:07:43,-24.8667,113.6333,82.51,61,9,15.88
81,Karratha,AU,2022-02-04 16:07:43,-20.7377,116.8463,86.0,66,90,6.71
82,Bethel,US,2022-02-04 16:07:44,41.3712,-73.414,39.51,91,100,1.99
83,Kahului,US,2022-02-04 16:07:44,20.8947,-156.47,67.84,82,0,5.75
84,Benicarlo,ES,2022-02-04 16:07:44,40.4165,0.4271,65.89,61,85,4.34
85,Atuona,PF,2022-02-04 16:07:45,-9.8,-139.0333,78.37,75,11,16.46
86,Provideniya,RU,2022-02-04 16:07:45,64.3833,-173.3,-0.42,65,7,15.08
87,Hilo,US,2022-02-04 16:07:45,19.7297,-155.09,67.24,74,40,9.22
88,Takab,IR,2022-02-04 16:07:46,36.4009,47.1133,33.03,99,100,1.77
89,Chuy,UY,2022-02-04 16:08:46,-33.6971,-53.4616,80.24,70,38,6.24
90,Avarua,CK,2022-02-04 16:08:46,-21.2078,-159.775,77.05,83,100,4.61
91,Hasaki,JP,2022-02-04 16:08:47,35.7333,140.8333,30.6,82,99,8.32
92,Opuwo,NA,2022-02-04 16:08:47,-18.0607,13.84,87.46,20,44,13.94
93,Ostrovnoy,RU,2022-02-04 16:08:47,68.0531,39.5131,3.6,97,85,9.75
94,Airai,TL,2022-02-04 16:08:48,-8.9266,125.4092,61.39,89,100,1.83
95,Guilin,CN,2022-02-04 16:07:32,25.2819,110.2864,42.64,76,3,7.96
96,Severo-Kurilsk,RU,2022-02-04 16:08:24,50.6789,156.125,27.54,87,100,3.87
97,Gorontalo,ID,2022-02-04 16:08:48,0.5412,123.0595,74.64,92,100,3.36
98,Shimanovsk,RU,2022-02-04 16:08:48,52.0,127.7,-9.92,92,33,5.86
99,Hermanus,ZA,2022-02-04 16:08:49,-34.4187,19.2345,77.9,53,7,23.02
100,Quzhou,CN,2022-02-04 16:08:49,28.9594,118.8686,40.06,88,93,2.55
101,Alofi,NU,2022-02-04 16:08:49,-19.0595,-169.9187,78.26,81,100,22.95
102,Dukhovnitskoye,RU,2022-02-04 16:08:50,52.4828,48.2137,30.78,98,100,8.16
103,Upernavik,GL,2022-02-04 16:08:50,72.7868,-56.1549,4.84,96,100,4.16
104,Phalaborwa,ZA,2022-02-04 16:08:51,-23.943,31.1411,84.67,54,49,14.29
105,Norman Wells,CA,2022-02-04 16:08:51,65.282,-126.8329,-28.19,94,84,8.12
106,Port Alfred,ZA,2022-02-04 16:08:51,-33.5906,26.891,68.63,78,100,9.66
107,Ulcinj,ME,2022-02-04 16:08:52,41.9294,19.2244,49.91,46,37,3.96
108,Georgetown,MY,2022-02-04 16:03:55,5.4112,100.3354,78.89,92,40,0.0
109,Clyde River,CA,2022-02-04 16:08:52,70.4692,-68.5914,-3.77,84,100,26.46
110,Wau,SS,2022-02-04 16:08:52,7.7029,27.9953,90.79,14,100,6.31
111,Mahon,ES,2022-02-04 16:08:53,39.8885,4.2658,55.96,76,0,12.66
112,Henties Bay,NA,2022-02-04 16:08:53,-22.116,14.2845,67.86,75,1,10.94
113,Kloulklubed,PW,2022-02-04 16:08:53,7.0419,134.2556,79.3,81,24,14.03
114,Tiarei,PF,2022-02-04 16:08:54,-17.5333,-149.3333,77.02,76,81,15.05
115,Coquimbo,CL,2022-02-04 16:05:46,-29.9533,-71.3436,71.33,64,20,14.97
116,Jamestown,US,2022-02-04 16:08:54,42.097,-79.2353,21.09,62,100,4.0
117,Fortuna,US,2022-02-04 16:08:56,40.5982,-124.1573,43.99,93,100,1.01
118,Moramanga,MG,2022-02-04 16:08:56,-18.9333,48.2,67.41,92,100,8.55
119,Nanortalik,GL,2022-02-04 16:08:57,60.1432,-45.2371,11.43,83,100,41.0
120,Turukhansk,RU,2022-02-04 16:08:57,65.8167,87.9833,12.4,94,100,13.76
121,Emba,KZ,2022-02-04 16:08:57,48.8264,58.1442,27.34,80,100,18.21
122,Alice Springs,AU,2022-02-04 16:07:23,-23.7,133.8833,60.35,82,3,0.0
123,Dingle,PH,2022-02-04 16:08:58,10.9995,122.6711,73.76,93,100,12.28
124,Kavaratti,IN,2022-02-04 16:08:58,10.5669,72.642,79.16,63,56,10.69
125,Isangel,VU,2022-02-04 16:08:58,-19.55,169.2667,78.22,89,100,8.63
126,San Felipe,VE,2022-02-04 16:08:59,10.3399,-68.7425,85.08,47,58,7.65
127,Kalat,PK,2022-02-04 16:08:59,29.0225,66.5916,42.8,22,0,2.77
128,Monrovia,LR,2022-02-04 16:06:41,6.3005,-10.7969,89.37,63,6,12.21
129,Pangnirtung,CA,2022-02-04 16:08:59,66.1451,-65.7125,-19.35,98,100,6.26
130,Urumqi,CN,2022-02-04 16:09:00,43.801,87.6005,-1.25,85,75,0.0
131,Mto Wa Mbu,TZ,2022-02-04 16:09:00,-3.35,35.85,77.25,53,100,2.48
132,Vostok,RU,2022-02-04 16:09:00,46.4856,135.8833,-12.28,100,100,3.51
133,Camana,PE,2022-02-04 16:09:01,-16.6228,-72.7111,75.04,71,44,10.98
134,Torbay,CA,2022-02-04 16:05:31,47.6666,-52.7314,33.58,94,100,1.99
135,Fernandina Beach,US,2022-02-04 16:08:49,30.6697,-81.4626,78.98,76,40,7.0
136,Marzuq,YE,2022-02-04 16:10:01,14.4,46.4667,68.7,38,22,7.4
137,Tautira,PF,2022-02-04 16:10:03,-17.7333,-149.15,77.02,77,58,15.57
138,Port Elizabeth,ZA,2022-02-04 16:10:04,-33.918,25.5701,70.11,62,100,9.31
139,Udachnyy,RU,2022-02-04 16:10:05,66.4167,112.4,-28.37,100,89,2.08
140,Arawa,PG,2022-02-04 16:10:05,-6.2132,155.5367,78.93,91,100,6.58
141,Vega De Alatorre,MX,2022-02-04 16:10:05,20.0333,-96.6333,57.56,91,100,19.24
142,Saint George,US,2022-02-04 16:07:35,37.1041,-113.5841,32.79,49,0,1.01
143,Walvis Bay,NA,2022-02-04 16:10:06,-22.9575,14.5053,68.09,69,23,14.0
144,Bluff,NZ,2022-02-04 16:10:06,-46.6,168.3333,48.79,66,66,10.8
145,Calamar,CO,2022-02-04 16:10:07,10.2511,-74.9146,87.75,35,3,10.0
146,Thompson,CA,2022-02-04 16:10:07,55.7435,-97.8558,-24.21,91,6,6.44
147,Hithadhoo,MV,2022-02-04 16:06:08,-0.6,73.0833,82.31,73,40,11.65
148,Kapaa,US,2022-02-04 16:10:07,22.0752,-159.319,66.18,94,0,5.75
149,Cayenne,GF,2022-02-04 16:10:08,4.9333,-52.3333,84.24,83,20,5.99
150,Pemba,MZ,2022-02-04 16:10:08,-12.974,40.5178,80.89,79,82,1.59
151,Kaitangata,NZ,2022-02-04 16:10:08,-46.2817,169.8464,53.92,87,100,6.06
152,Korla,CN,2022-02-04 16:10:09,41.7597,86.1469,27.32,47,100,4.72
153,Paragominas,BR,2022-02-04 16:06:30,-2.9667,-47.4833,82.99,76,96,3.24
154,Barroquinha,BR,2022-02-04 16:10:09,-3.0189,-41.1361,89.38,57,99,11.25
155,Mount Isa,AU,2022-02-04 16:10:10,-20.7333,139.5,73.17,38,68,9.22
156,Kazlu Ruda,LT,2022-02-04 16:10:11,54.7667,23.5,30.18,98,100,12.91
157,Marathon,US,2022-02-04 16:10:11,44.9,-89.7668,6.04,80,100,0.0
158,Nueve De Julio,AR,2022-02-04 16:10:11,-35.4444,-60.8831,80.71,68,100,1.88
159,Kencong,ID,2022-02-04 16:10:12,-8.2833,113.3667,75.76,90,55,3.06
160,Saint-Georges,GD,2022-02-04 16:09:23,12.0564,-61.7485,80.31,68,6,13.44
161,Kununurra,AU,2022-02-04 16:10:12,-15.7667,128.7333,78.78,94,40,1.14
162,Vao,NC,2022-02-04 16:10:13,-22.6667,167.4833,80.04,85,98,14.92
163,Bandarbeyla,SO,2022-02-04 16:10:13,9.4942,50.8122,76.15,61,2,11.61
164,Ugoofaaru,MV,2022-02-04 16:10:13,5.6667,73.0,81.64,70,63,9.89
165,Abu Samrah,SY,2022-02-04 16:07:55,35.3029,37.1841,46.85,86,100,16.64
166,Limin Khersonisou,GR,2022-02-04 16:10:14,35.3162,25.3928,52.03,66,75,19.57
167,Butembo,CD,2022-02-04 16:10:14,0.15,29.2833,69.37,53,100,1.34
168,Sinnamary,GF,2022-02-04 16:08:13,5.3833,-52.95,78.94,86,97,10.74
169,Mar Del Plata,AR,2022-02-04 16:05:19,-38.0023,-57.5575,73.42,92,20,5.99
170,La Ronge,CA,2022-02-04 16:10:15,55.1001,-105.2842,-17.75,93,100,4.85
171,Bambous Virieux,MU,2022-02-04 16:08:26,-20.3428,57.7575,80.22,85,100,16.93
172,Burnie,AU,2022-02-04 16:10:15,-41.0667,145.9167,57.94,87,52,3.69
173,Suntar,RU,2022-02-04 16:10:16,62.1444,117.6319,-21.55,100,98,1.48
174,Tilichiki,RU,2022-02-04 16:10:16,60.4667,166.1,-2.69,82,100,8.14
175,Manggar,ID,2022-02-04 16:10:16,-2.8833,108.2667,79.47,83,67,7.45
176,Umm Kaddadah,SD,2022-02-04 16:10:17,13.6017,26.6876,73.76,13,8,18.57
177,Ravar,IR,2022-02-04 16:10:17,31.2656,56.8055,57.54,23,0,1.52
178,Grindavik,IS,2022-02-04 16:10:17,63.8424,-22.4338,27.07,74,75,3.44
179,Dondo,MZ,2022-02-04 16:10:18,-19.6094,34.7431,80.37,74,40,6.31
180,Marsabit,KE,2022-02-04 16:10:18,2.3284,37.9899,78.19,33,96,9.17
181,Kapoeta,SS,2022-02-04 16:11:18,4.7717,33.5903,89.74,27,100,6.31
182,Tahoua,NE,2022-02-04 16:11:19,14.8888,5.2692,81.91,6,0,16.02
183,Joshimath,IN,2022-02-04 16:11:19,30.5667,79.5667,29.52,78,73,7.81
184,Moissala,TD,2022-02-04 16:11:19,8.3404,17.7663,95.2,9,17,6.64
185,Nanga Eboko,CM,2022-02-04 16:07:11,4.6833,12.3667,93.04,14,75,2.08
186,Riyadh,SA,2022-02-04 16:07:27,24.6877,46.7219,75.34,18,2,8.41
187,Vanimo,PG,2022-02-04 16:11:20,-2.6741,141.3028,76.87,87,66,3.11
188,Beringovskiy,RU,2022-02-04 16:11:20,63.05,179.3167,-8.55,88,100,16.58
189,Saint-Philippe,RE,2022-02-04 16:11:20,-21.3585,55.7679,81.95,87,100,28.95
190,Vodnyy,RU,2022-02-04 16:11:21,63.5046,53.4095,0.05,100,91,3.6
191,Aksarka,RU,2022-02-04 16:11:21,66.5606,67.7975,6.15,97,100,2.71
192,Gay,RU,2022-02-04 16:11:22,51.4666,58.4552,20.8,91,100,12.15
193,Flin Flon,CA,2022-02-04 16:11:22,54.7682,-101.865,-22.61,93,55,4.43
194,Damghan,IR,2022-02-04 16:11:22,36.1683,54.348,47.32,46,8,3.65
195,Ayna,PE,2022-02-04 16:11:23,-12.65,-73.9167,66.51,76,100,1.39
196,Kerewan,GM,2022-02-04 16:11:23,13.4898,-16.0888,99.05,5,0,8.37
197,Kruisfontein,ZA,2022-02-04 16:11:23,-34.0033,24.7314,67.89,58,100,8.41
198,Hualmay,PE,2022-02-04 16:11:24,-11.0964,-77.6139,74.97,73,37,9.95
199,Salalah,OM,2022-02-04 16:11:24,17.0151,54.0924,75.29,64,0,5.75
200,Langenburg,DE,2022-02-04 16:11:24,49.2544,9.8458,44.56,75,100,12.66
201,Thinadhoo,MV,2022-02-04 16:11:25,0.5333,72.9333,82.15,73,99,9.93
202,Souillac,MU,2022-02-04 16:11:25,-20.5167,57.5167,80.37,83,100,15.57
203,Nikolskoye,RU,2022-02-04 16:11:25,59.7035,30.7861,19.29,96,82,6.89
204,Bandar-E Lengeh,IR,2022-02-04 16:11:25,26.5579,54.8807,70.81,63,1,11.83
205,Gazli,UZ,2022-02-04 16:11:26,40.1333,63.45,46.56,39,82,10.63
206,Los Llanos De Aridane,ES,2022-02-04 16:11:26,28.6585,-17.9182,67.75,66,20,5.99
207,Egvekinot,RU,2022-02-04 16:11:26,66.3167,-179.1667,-1.53,62,0,16.11
208,Chernyshevskiy,RU,2022-02-04 16:11:27,63.0128,112.4714,-22.59,100,84,1.95
209,Luderitz,NA,2022-02-04 16:11:27,-26.6481,15.1594,76.26,59,3,15.64
210,Knysna,ZA,2022-02-04 16:11:27,-34.0363,23.0471,66.45,64,100,6.42
211,Brownsville,US,2022-02-04 16:10:57,25.9018,-97.4975,36.09,64,100,8.99
212,Port Hedland,AU,2022-02-04 16:11:29,-20.3167,118.5667,86.05,79,100,6.91
213,Santa Lucia,ES,2022-02-04 16:11:29,27.9117,-15.5407,64.76,60,0,9.22
214,Bloomfield,US,2022-02-04 16:11:30,40.8068,-74.1854,40.06,93,100,3.0
215,Normandin,CA,2022-02-04 16:11:30,48.8333,-72.5321,-5.22,80,5,7.36
216,Road Town,VG,2022-02-04 16:08:40,18.4167,-64.6167,77.09,100,40,13.8
217,Taywarah,AF,2022-02-04 16:11:30,33.35,64.4167,16.5,31,34,2.06
218,Baykit,RU,2022-02-04 16:11:31,61.67,96.37,3.09,100,100,2.46
219,Namatanai,PG,2022-02-04 16:11:31,-3.6667,152.4333,79.77,80,100,7.14
220,Lagoa,PT,2022-02-04 16:11:31,39.05,-27.9833,58.01,80,89,20.22
221,Along,IN,2022-02-04 16:11:32,28.1667,94.7667,54.19,89,100,3.44
222,Guarapari,BR,2022-02-04 16:11:32,-20.6667,-40.4975,80.49,75,100,10.98
223,Natal,BR,2022-02-04 16:11:32,-5.795,-35.2094,88.45,58,40,14.97
224,Pacific Grove,US,2022-02-04 16:11:33,36.6177,-121.9166,52.97,68,0,3.44
225,Axim,GH,2022-02-04 16:11:33,4.8699,-2.2405,83.46,65,43,10.22
226,Saint-Augustin,CA,2022-02-04 16:11:33,51.226,-58.6502,-2.76,72,100,9.08
227,Molina,CL,2022-02-04 16:11:34,-35.1167,-71.2833,74.93,53,0,8.05
228,Sorland,NO,2022-02-04 16:11:34,67.667,12.6934,31.86,92,100,23.4
229,Sitka,US,2022-02-04 16:12:34,57.0531,-135.33,42.69,87,100,11.5
230,Pedernales,DO,2022-02-04 16:12:35,18.0384,-71.744,80.22,67,3,8.43
231,Shimla,IN,2022-02-04 16:10:39,31.1,77.1667,30.94,91,51,4.18
232,Ola,RU,2022-02-04 16:12:35,59.5833,151.2833,-4.4,79,84,11.45
233,Ponta Do Sol,PT,2022-02-04 16:12:35,32.6667,-17.1,70.72,78,83,1.68
234,Azle,US,2022-02-04 16:11:15,32.8951,-97.5459,25.02,85,75,7.0
235,Harper,LR,2022-02-04 16:12:36,4.375,-7.7169,84.38,66,76,10.56
236,Brae,GB,2022-02-04 16:12:36,60.3964,-1.353,39.11,62,100,34.69
237,Grand Gaube,MU,2022-02-04 16:12:36,-20.0064,57.6608,80.38,80,100,8.99
238,Boguchany,RU,2022-02-04 16:12:37,58.3814,97.4531,2.77,100,96,3.6
239,Haapiti,PF,2022-02-04 16:12:37,-17.5667,-149.8667,76.73,73,91,11.45
240,Whitehorse,CA,2022-02-04 16:09:49,60.7161,-135.0538,-4.7,71,100,5.99
241,Yanam,IN,2022-02-04 16:12:37,16.7333,82.2167,77.4,84,4,5.41
242,Esperance,AU,2022-02-04 16:12:38,-33.8667,121.9,65.88,74,0,16.2
243,Ilinskoye-Khovanskoye,RU,2022-02-04 16:12:38,56.9718,39.7684,22.33,100,58,5.41
244,Katete,UG,2022-02-04 16:12:38,-0.7818,29.7544,75.87,41,98,1.14
245,Marovoay,MG,2022-02-04 16:12:39,-16.1,46.6333,78.22,89,100,8.25
246,Sept-Iles,CA,2022-02-04 16:09:15,50.2001,-66.3821,5.05,53,78,4.0
247,Nelson Bay,AU,2022-02-04 16:12:39,-32.7167,152.15,70.0,59,76,4.0
248,Cabo San Lucas,MX,2022-02-04 16:08:46,22.8909,-109.9124,68.5,54,0,0.0
249,Laguna,US,2022-02-04 16:12:40,38.421,-121.4238,49.08,91,0,4.61
250,Shimoda,JP,2022-02-04 16:12:40,34.6667,138.95,41.11,56,0,28.45
251,Causapscal,CA,2022-02-04 16:12:40,48.3542,-67.227,6.31,93,100,5.32
252,East London,ZA,2022-02-04 16:12:41,-33.0153,27.9116,65.34,100,75,9.22
253,Ous,RU,2022-02-04 16:12:41,60.9058,61.5186,7.2,97,100,1.66
254,Labrea,BR,2022-02-04 16:12:41,-7.2586,-64.7981,77.9,85,100,3.98
255,Anadyr,RU,2022-02-04 16:12:42,64.75,177.4833,-7.2,74,0,9.26
256,Noumea,NC,2022-02-04 16:12:42,-22.2763,166.4572,76.98,85,100,3.09
257,Kungurtug,RU,2022-02-04 16:12:42,50.5994,97.5228,-14.62,99,66,2.01
258,Amapa,BR,2022-02-04 16:12:43,1.0,-52.0,80.28,81,98,3.47
259,Port Hueneme,US,2022-02-04 16:12:43,34.1478,-119.1951,61.0,21,0,19.57
260,Jishou,CN,2022-02-04 16:12:43,28.3167,109.7167,40.14,75,9,2.39
261,Kendari,ID,2022-02-04 16:12:43,-3.945,122.4989,76.1,91,99,1.16
262,Berlevag,NO,2022-02-04 16:09:58,70.8578,29.0864,13.95,73,20,2.3
263,Albury,AU,2022-02-04 16:08:30,-36.0833,146.9167,62.02,100,7,3.0
264,Perth,AU,2022-02-04 16:12:44,-31.9333,115.8333,79.66,45,0,1.14
265,Faanui,PF,2022-02-04 16:12:44,-16.4833,-151.75,81.12,70,21,14.0
266,Vila,PT,2022-02-04 16:12:45,42.0304,-8.1588,45.73,81,100,3.96
267,Kaoma,ZM,2022-02-04 16:12:45,-14.7833,24.8,67.06,91,100,3.15
268,Baruun-Urt,MN,2022-02-04 16:12:46,46.6806,113.2792,-5.21,91,11,7.56
269,Kavieng,PG,2022-02-04 16:09:21,-2.5744,150.7967,82.45,70,100,10.11
270,Strathmore,CA,2022-02-04 16:12:46,51.0501,-113.3852,15.39,81,98,1.99
271,Xique-Xique,BR,2022-02-04 16:12:46,-10.8218,-42.7263,90.81,44,60,2.21
272,Inuvik,CA,2022-02-04 16:12:47,68.3499,-133.7218,-29.43,98,12,9.98
273,College,US,2022-02-04 16:09:03,64.8569,-147.8028,1.72,66,100,3.44
274,Estevan,CA,2022-02-04 16:12:47,49.1334,-102.9842,-17.79,95,27,3.33
275,Ferkessedougou,CI,2022-02-04 16:13:47,9.6,-5.2,96.44,6,11,3.91
276,Presidente Olegario,BR,2022-02-04 16:13:48,-18.4178,-46.4181,79.03,67,96,2.91
277,Tuatapere,NZ,2022-02-04 16:11:47,-46.1333,167.6833,48.81,85,100,4.83
278,Maloy,NO,2022-02-04 16:13:48,61.9353,5.1136,36.73,92,100,14.0
279,Neosho,US,2022-02-04 16:08:50,36.869,-94.368,23.76,84,31,1.99
280,Hofn,IS,2022-02-04 16:13:49,64.2539,-15.2082,29.86,55,2,12.26
281,Ilulissat,GL,2022-02-04 16:08:57,69.2167,-51.1,15.82,57,75,23.02
282,Porkhov,RU,2022-02-04 16:13:50,57.765,29.5561,17.49,96,43,5.75
283,Maarianhamina,AX,2022-02-04 16:13:50,60.0973,19.9348,37.26,100,100,23.02
284,Mayo,US,2022-02-04 16:13:50,38.8876,-76.5119,51.94,95,100,8.05
285,Almaznyy,RU,2022-02-04 16:13:51,48.0448,40.045,33.94,95,100,6.76
286,Sulangan,PH,2022-02-04 16:13:51,11.1373,123.7228,78.01,82,100,19.8
287,Wanaka,NZ,2022-02-04 16:09:03,-44.7,169.15,51.12,88,100,1.99
288,Foumban,CM,2022-02-04 16:13:51,5.7291,10.9001,86.72,17,3,4.47
289,Patharia,IN,2022-02-04 16:13:52,23.9,79.2,59.11,27,0,6.06
290,Vila Do Maio,CV,2022-02-04 16:13:52,15.1333,-23.2167,84.99,81,0,11.81
291,Moree,AU,2022-02-04 16:13:52,-29.4667,149.85,64.94,54,0,13.33
292,Kijang,KR,2022-02-04 16:13:53,35.2442,129.2139,29.5,53,4,16.42
293,Byron Bay,AU,2022-02-04 16:13:53,-28.65,153.6167,68.88,60,100,20.85
294,Bom Jardim,BR,2022-02-04 16:13:53,-7.7958,-35.5872,86.9,48,24,14.65
295,Faya,SA,2022-02-04 16:13:54,18.3851,42.4509,59.52,78,25,7.81
296,Meulaboh,ID,2022-02-04 16:13:54,4.1363,96.1285,77.9,86,100,4.12
297,Olafsvik,IS,2022-02-04 16:13:54,64.8945,-23.7142,28.85,70,69,11.61
298,Adrar,MR,2022-02-04 16:13:55,20.5022,-10.0711,82.47,7,10,10.25
299,Khani,GE,2022-02-04 16:13:55,41.9563,42.9566,33.37,99,100,5.14
300,Bonavista,CA,2022-02-04 16:13:55,48.6499,-53.1147,32.11,95,100,19.53
301,Ahipara,NZ,2022-02-04 16:13:56,-35.1667,173.1667,71.22,87,96,14.65
302,Sao Joao Da Barra,BR,2022-02-04 16:11:42,-21.6403,-41.0511,86.09,82,100,10.58
303,Nyurba,RU,2022-02-04 16:13:56,63.2842,118.3319,-25.83,100,52,2.13
304,Don Sak,TH,2022-02-04 16:13:56,9.3168,99.6918,79.27,79,10,10.27
305,Sao Filipe,CV,2022-02-04 16:10:35,14.8961,-24.4956,74.98,67,0,9.01
306,Itarema,BR,2022-02-04 16:13:57,-2.9248,-39.9167,84.11,66,100,14.27
307,Durango,MX,2022-02-04 16:10:18,24.8333,-104.8333,43.29,62,0,5.46
308,Svetlogorsk,BY,2022-02-04 16:13:57,52.6333,29.7333,8.04,98,17,2.35
309,Aginskoye,RU,2022-02-04 16:13:58,51.1,114.53,0.68,86,20,12.03
310,Portland,US,2022-02-04 16:10:06,45.5234,-122.6762,39.79,95,75,1.01
311,Cavalcante,BR,2022-02-04 16:13:58,-13.7975,-47.4583,84.43,55,53,2.68
312,Beisfjord,NO,2022-02-04 16:13:59,68.3751,17.5988,19.45,84,100,10.98
313,Kidal,ML,2022-02-04 16:13:59,18.4411,1.4078,77.63,8,0,14.2
314,Loreto,MX,2022-02-04 16:13:59,22.2667,-101.9667,61.95,38,85,7.47
315,Thunder Bay,CA,2022-02-04 16:10:56,48.4001,-89.3168,7.56,75,100,4.21
316,Plessisville,CA,2022-02-04 16:14:00,46.2186,-71.762,10.08,93,100,13.06
317,Tagab,AF,2022-02-04 16:15:00,34.855,69.6492,38.66,25,7,5.57
318,Panorama,GR,2022-02-04 16:15:01,40.5878,23.0315,44.53,49,0,1.01
319,Flinders,AU,2022-02-04 16:15:01,-34.5833,150.8552,65.21,79,66,7.0
320,Mana,GF,2022-02-04 16:15:01,5.6592,-53.7767,79.38,83,67,9.71
321,Batagay,RU,2022-02-04 16:15:02,67.6333,134.6333,-38.72,99,39,2.48
322,Ucluelet,CA,2022-02-04 16:11:43,48.9329,-125.5528,46.09,94,100,3.0
323,Dunedin,NZ,2022-02-04 16:15:02,-45.8742,170.5036,53.8,89,100,11.01
324,Iskateley,RU,2022-02-04 16:15:03,67.6803,53.1512,-2.99,99,93,5.14
325,Siocon,PH,2022-02-04 16:15:03,7.7061,122.1353,76.39,91,100,4.21
326,Koshurnikovo,RU,2022-02-04 16:15:04,54.1667,93.3,-8.01,100,56,3.91
327,Mahebourg,MU,2022-02-04 16:15:04,-20.4081,57.7,80.26,94,75,13.8
328,Resplendor,BR,2022-02-04 16:15:04,-19.3256,-41.2553,82.94,78,100,3.67
329,Xingcheng,CN,2022-02-04 16:15:05,40.6167,120.7167,5.85,75,1,7.54
330,Iqaluit,CA,2022-02-04 16:15:05,63.7506,-68.5145,-13.27,53,100,10.36
331,Birao,CF,2022-02-04 16:15:05,10.2849,22.7882,91.53,10,5,8.84
332,Luanshya,ZM,2022-02-04 16:15:06,-13.1367,28.4166,63.81,97,100,4.52
333,Homer,US,2022-02-04 16:11:16,59.6425,-151.5483,30.07,94,100,5.75
334,Plettenberg Bay,ZA,2022-02-04 16:15:06,-34.0527,23.3716,65.62,63,100,5.77
335,Carutapera,BR,2022-02-04 16:15:06,-1.195,-46.02,81.86,78,100,6.96
336,Totness,SR,2022-02-04 16:15:07,5.8833,-56.3167,79.63,79,46,8.52
337,Rocha,UY,2022-02-04 16:15:07,-34.4833,-54.3333,79.74,67,55,12.48
338,Zhicheng,CN,2022-02-04 16:15:07,30.2956,111.5047,42.17,62,2,1.68
339,Tondano,ID,2022-02-04 16:15:08,1.3038,124.9112,66.29,95,100,1.97
340,Batagay-Alyta,RU,2022-02-04 16:15:08,67.8006,130.4114,-27.09,99,11,3.65
341,Alakurtti,RU,2022-02-04 16:15:08,66.9672,30.3491,7.63,95,100,8.48
342,Lavrentiya,RU,2022-02-04 16:15:09,65.5833,-171.0,1.35,52,0,18.19
343,Yar-Sale,RU,2022-02-04 16:14:13,66.8333,70.8333,6.15,97,100,2.33
344,Sheridan,US,2022-02-04 16:14:56,44.8333,-106.9173,32.18,62,0,0.0
345,Kaabong,UG,2022-02-04 16:15:09,3.4836,34.1492,75.38,36,100,9.86
346,Havoysund,NO,2022-02-04 16:15:10,70.9963,24.6622,13.08,80,100,33.02
347,Machilipatnam,IN,2022-02-04 16:15:10,16.1667,81.1333,77.2,84,9,8.75
348,Praia Da Vitoria,PT,2022-02-04 16:15:10,38.7333,-27.0667,59.76,94,75,10.56
349,Kamenka,RU,2022-02-04 16:15:11,51.3223,42.7678,22.75,92,100,8.77
350,San Patricio,US,2022-02-04 16:15:11,28.017,-97.5169,32.68,49,33,20.36
351,Alamosa,US,2022-02-04 16:15:11,37.4695,-105.87,2.71,77,100,0.0
352,Hit,IQ,2022-02-04 16:15:12,33.6416,42.8251,56.1,56,42,10.0
353,Trincomalee,LK,2022-02-04 16:15:12,8.5711,81.2335,79.3,67,10,8.88
354,Ville-Marie,CA,2022-02-04 16:15:12,47.3335,-79.433,-11.2,83,66,5.7
355,Vila Velha,BR,2022-02-04 16:12:21,-20.3297,-40.2925,80.55,86,40,11.01
356,Omboue,GA,2022-02-04 16:15:13,-1.5746,9.2618,81.61,73,53,8.81
357,Suamico,US,2022-02-04 16:15:13,44.6319,-88.0393,17.19,73,75,1.99
358,Roald,NO,2022-02-04 16:15:13,62.5833,6.1333,37.99,81,75,28.77
359,Sioux Lookout,CA,2022-02-04 16:15:14,50.1001,-91.917,-9.02,70,0,3.44
360,Miri,MY,2022-02-04 16:15:14,4.4148,114.0089,75.34,100,40,0.0
361,Selishche,RU,2022-02-04 16:15:14,56.8879,33.2691,1.47,100,75,1.83
362,Pergamino,AR,2022-02-04 16:15:15,-33.89,-60.5736,82.26,42,87,5.84
363,Pevek,RU,2022-02-04 16:15:15,69.7008,170.3133,-24.12,100,94,3.91
364,Aripuana,BR,2022-02-04 16:15:15,-9.1667,-60.6333,83.73,77,72,2.04
365,Menongue,AO,2022-02-04 16:16:16,-14.6585,17.691,68.02,79,100,4.0
366,Touros,BR,2022-02-04 16:16:16,-5.1989,-35.4608,88.7,54,77,16.71
367,Talaya,RU,2022-02-04 16:16:16,61.3833,152.75,-37.75,100,91,1.21
368,Angoche,MZ,2022-02-04 16:16:17,-16.2325,39.9086,80.85,79,100,8.66
369,Oleksandrivka,UA,2022-02-04 16:16:17,48.9634,32.2349,17.46,93,25,4.27
370,Komsomolskiy,UZ,2022-02-04 16:16:17,40.4272,71.7189,38.62,64,0,4.61
371,Camacha,PT,2022-02-04 16:16:18,33.0833,-16.3333,65.16,82,20,4.61
372,Guantanamo,CU,2022-02-04 16:16:18,20.1444,-75.2092,83.77,49,37,9.8
373,Sobolevo,RU,2022-02-04 16:16:18,54.4299,31.8996,5.2,100,71,3.27
374,Saint-Pierre,RE,2022-02-04 16:16:19,-21.3393,55.4781,80.28,74,75,9.22
375,Potiskum,NG,2022-02-04 16:16:19,11.7091,11.0694,84.06,11,1,12.86
376,Havre-Saint-Pierre,CA,2022-02-04 16:16:19,50.2334,-63.5986,-0.4,60,100,9.22
377,Campos Novos,BR,2022-02-04 16:16:20,-27.4017,-51.225,71.06,92,100,6.17
378,Carson City,US,2022-02-04 16:15:13,39.1638,-119.7674,36.34,73,0,0.0
379,Bandiagara,ML,2022-02-04 16:16:20,14.3501,-3.6104,87.53,7,8,12.35
380,Kant,IN,2022-02-04 16:16:21,27.8,79.8,52.45,90,16,5.44
381,Murray Bridge,AU,2022-02-04 16:16:21,-35.1167,139.2667,67.69,67,90,5.1
382,Skjervoy,NO,2022-02-04 16:16:21,70.0311,20.9714,15.8,69,100,33.87
383,Kyenjojo,UG,2022-02-04 16:16:21,0.6328,30.6214,75.16,42,100,3.91
384,Okhotsk,RU,2022-02-04 16:13:01,59.3833,143.3,-0.08,73,35,15.77
385,Williston,US,2022-02-04 16:14:50,48.147,-103.618,-3.08,70,12,1.01
386,Kalmunai,LK,2022-02-04 16:16:22,7.4167,81.8167,76.64,72,7,5.48
387,Pangody,RU,2022-02-04 16:16:22,65.85,74.4859,9.5,97,100,3.04
388,Nemuro,JP,2022-02-04 16:16:23,43.3236,145.575,21.34,81,74,8.99
389,Srednekolymsk,RU,2022-02-04 16:12:17,67.45,153.6833,-33.63,100,100,1.7
390,Wanning,CN,2022-02-04 16:16:23,18.8003,110.3967,62.35,86,100,10.63
391,Chapais,CA,2022-02-04 16:16:24,49.7834,-74.8492,-11.42,84,57,4.72
392,Wladyslawowo,PL,2022-02-04 16:16:24,54.7909,18.4009,43.93,90,100,14.5
393,Sokone,SN,2022-02-04 16:16:24,13.8833,-16.3667,98.49,6,0,7.02
394,Jaumave,MX,2022-02-04 16:16:25,23.4167,-99.3833,32.95,60,100,4.05
395,Bilibino,RU,2022-02-04 16:16:25,68.0546,166.4372,-9.17,78,0,4.97
396,Kindersley,CA,2022-02-04 16:16:25,51.4668,-109.1682,2.98,71,100,21.85
397,Aksu,CN,2022-02-04 16:16:26,41.1231,80.2644,28.33,54,48,3.47
398,Tura,IN,2022-02-04 16:16:26,25.5198,90.2201,53.73,98,100,5.86
399,Cherskiy,RU,2022-02-04 16:16:27,68.75,161.3,-34.69,99,8,3.42
400,Chumikan,RU,2022-02-04 16:16:28,54.7183,135.315,-4.04,78,97,11.61
401,Kilis,TR,2022-02-04 16:16:28,36.7161,37.115,39.43,89,100,4.74
402,Klaksvik,FO,2022-02-04 16:16:29,62.2266,-6.589,36.52,68,96,46.64
403,Lima,PE,2022-02-04 16:16:29,-12.0432,-77.0282,75.45,61,0,5.75
404,Fare,PF,2022-02-04 16:16:30,-16.7,-151.0167,79.81,76,14,13.06
405,Bokoro,TD,2022-02-04 16:16:30,12.3807,17.0568,84.36,9,0,13.44
406,Cockburn Town,TC,2022-02-04 16:15:45,21.4612,-71.1419,75.88,70,0,19.73
407,Hami,CN,2022-02-04 16:15:36,42.8,93.45,24.51,35,82,2.57
408,Bacalar,MX,2022-02-04 16:17:31,18.6667,-88.3833,84.31,74,40,11.5
409,Chowchilla,US,2022-02-04 16:12:31,37.123,-120.2602,55.44,93,0,0.0
410,Tumaco,CO,2022-02-04 16:17:31,1.7986,-78.8156,77.86,86,92,7.07
411,Taoudenni,ML,2022-02-04 16:17:32,22.6783,-3.9836,82.89,5,27,12.66
412,Ingham,US,2022-02-04 16:17:32,42.6,-84.3833,13.66,75,40,4.61
413,Sorong,ID,2022-02-04 16:17:32,-0.8833,131.25,81.18,81,90,10.22
414,Bara,NG,2022-02-04 16:17:33,10.3744,10.7288,103.78,11,0,11.77
415,Poum,NC,2022-02-04 16:17:33,-20.2333,164.0167,81.09,86,100,17.78
416,Hede,CN,2022-02-04 16:17:33,33.7681,120.2517,33.69,54,54,8.46
417,Maragogi,BR,2022-02-04 16:17:33,-9.0122,-35.2225,84.07,59,36,11.81
418,Tarko-Sale,RU,2022-02-04 16:17:34,64.9225,77.785,12.83,97,100,3.78
419,Disna,BY,2022-02-04 16:17:34,55.568,28.1971,14.68,96,26,8.08
420,Ashcroft,CA,2022-02-04 16:15:20,50.7165,-121.2859,35.94,98,100,4.43
421,Hong Gai,VN,2022-02-04 16:17:35,20.956,107.0946,60.71,77,18,4.12
422,Scottsboro,US,2022-02-04 16:14:58,34.6723,-86.0341,37.44,100,100,4.61
423,Kuching,MY,2022-02-04 16:15:55,1.55,110.3333,77.22,94,20,0.0
424,Thaton,MM,2022-02-04 16:17:35,16.9206,97.3714,74.8,57,52,2.59
425,Goderich,CA,2022-02-04 16:15:20,43.7501,-81.7165,14.92,72,81,8.05
426,Bahia Blanca,AR,2022-02-04 16:16:41,-38.7196,-62.2724,77.27,55,100,7.92
427,Port Hardy,CA,2022-02-04 16:17:36,50.6996,-127.4199,42.98,93,75,4.61
428,Choix,MX,2022-02-04 16:17:36,26.7092,-108.3219,62.69,42,0,5.08
429,Cap-Aux-Meules,CA,2022-02-04 16:17:36,47.3821,-61.8597,23.05,93,100,24.16
430,Hoima,UG,2022-02-04 16:17:37,1.4356,31.3436,80.06,37,100,3.71
431,Zhangye,CN,2022-02-04 16:17:37,38.9342,100.4517,19.62,33,100,2.59
432,Port-Gentil,GA,2022-02-04 16:17:37,-0.7193,8.7815,80.49,75,66,9.78
433,Calabozo,VE,2022-02-04 16:17:37,8.9242,-67.4293,91.71,38,14,8.88
434,Jiwani,PK,2022-02-04 16:17:38,25.05,61.7417,72.01,60,1,14.03
435,Orica,HN,2022-02-04 16:17:38,14.7,-86.95,75.09,54,34,3.67
436,San Policarpo,PH,2022-02-04 16:17:39,12.1791,125.5072,76.15,87,100,8.9
437,Katsuura,JP,2022-02-04 16:17:39,35.1333,140.3,46.18,86,28,9.13
438,Dong Hoi,VN,2022-02-04 16:17:39,17.4833,106.6,61.75,89,100,8.39
439,Hauterive,FR,2022-02-04 16:17:40,46.0901,3.4459,52.56,78,100,5.01
440,Ossora,RU,2022-02-04 16:17:41,59.2353,163.0719,13.06,84,100,6.24
441,Elizabeth City,US,2022-02-04 16:17:42,36.2946,-76.2511,71.65,81,20,7.0
442,Raahe,FI,2022-02-04 16:17:42,64.6833,24.4833,21.29,90,100,29.44
443,Belyy Yar,RU,2022-02-04 16:17:42,53.6039,91.3903,-14.15,82,50,2.24
444,Obertshausen,DE,2022-02-04 16:17:43,50.0833,8.85,47.64,84,99,14.79
445,Yuci,CN,2022-02-04 16:17:44,37.6803,112.7319,20.95,33,0,6.71
446,Algiers,DZ,2022-02-04 16:17:44,36.7525,3.042,64.22,45,0,4.61
447,Dasoguz,TM,2022-02-04 16:17:44,41.8363,59.9666,39.15,81,100,13.8
448,Plast,RU,2022-02-04 16:17:45,54.3691,60.8136,19.27,89,100,10.02
449,Garner,US,2022-02-04 16:17:45,35.7113,-78.6142,69.1,87,100,1.01
450,Marawi,PH,2022-02-04 16:17:45,7.9986,124.2928,66.65,90,100,3.94
451,Sumbawanga,TZ,2022-02-04 16:17:46,-7.9667,31.6167,57.99,98,100,4.81
452,Hanzhong,CN,2022-02-04 16:17:46,33.0728,107.0303,42.49,56,99,1.14
453,Sarangani,PH,2022-02-04 16:17:47,5.4033,125.4636,80.64,71,100,20.33
454,Nome,US,2022-02-04 16:15:04,64.5011,-165.4064,7.16,51,0,13.8
455,Lichinga,MZ,2022-02-04 16:18:47,-13.3128,35.2406,64.49,100,75,10.36
456,Namibe,AO,2022-02-04 16:18:48,-15.1961,12.1522,76.55,63,86,12.84
457,Margate,GB,2022-02-04 16:16:11,51.3813,1.3862,46.11,71,46,3.0
458,Salym,RU,2022-02-04 16:18:49,60.0625,71.4789,27.73,97,100,6.31
459,Porto Nacional,BR,2022-02-04 16:18:49,-10.7081,-48.4172,84.2,54,71,3.53
460,Soyo,AO,2022-02-04 16:18:50,-6.1349,12.3689,80.76,66,94,9.37
461,Rio Grande,BR,2022-02-04 16:18:50,-32.035,-52.0986,77.11,90,99,2.01
462,Oranjemund,NA,2022-02-04 16:18:51,-28.55,16.4333,68.09,69,10,23.71
463,Merauke,ID,2022-02-04 16:18:52,-8.4667,140.3333,81.34,80,100,12.73
464,Dubbo,AU,2022-02-04 16:18:52,-32.25,148.6167,53.73,82,0,9.22
465,Westport,US,2022-02-04 16:18:53,41.1415,-73.3579,40.77,95,100,1.01
466,Iralaya,HN,2022-02-04 16:18:53,15.0,-83.2333,82.49,65,7,8.14
467,Nishihara,JP,2022-02-04 16:18:53,26.1842,127.7558,60.08,80,100,10.36
468,Muyezerskiy,RU,2022-02-04 16:18:54,63.9333,31.65,10.58,93,100,9.66
469,Xining,CN,2022-02-04 16:18:54,36.6167,101.7667,18.21,49,98,4.07
470,Tatawin,TN,2022-02-04 16:18:55,32.9297,10.4518,68.88,25,29,16.62
471,Alto Longa,BR,2022-02-04 16:18:55,-5.2511,-42.2103,95.07,37,87,4.05
472,Ust-Nera,RU,2022-02-04 16:18:55,64.5667,143.2,-20.09,81,13,0.72
473,Oistins,BB,2022-02-04 16:17:37,13.0667,-59.5333,77.09,78,75,16.11
474,Hervey Bay,AU,2022-02-04 16:18:56,-25.2986,152.8535,71.04,78,100,10.0
475,Broome,US,2022-02-04 16:18:56,42.2506,-75.833,23.0,76,75,1.01
476,Simpang Empat,MY,2022-02-04 16:18:56,4.95,100.6333,78.96,92,63,2.68
477,Veraval,IN,2022-02-04 16:18:57,20.9,70.3667,68.72,53,2,6.29
478,Vila Franca Do Campo,PT,2022-02-04 16:14:13,37.7167,-25.4333,64.2,65,100,12.03
479,Sokoni,TZ,2022-02-04 16:18:57,-6.4333,39.55,81.39,78,77,13.18
480,Channel-Port Aux Basques,CA,2022-02-04 16:15:20,47.5702,-59.1367,25.7,95,100,12.06
481,Lincoln,US,2022-02-04 16:17:38,40.8,-96.667,27.39,58,75,1.99
482,Caravelas,BR,2022-02-04 16:18:58,-17.7125,-39.2481,81.19,71,100,3.31
483,Mehamn,NO,2022-02-04 16:18:58,71.0357,27.8492,13.91,79,100,26.66
484,Smithers,CA,2022-02-04 16:15:06,54.7804,-127.1743,35.92,87,100,11.5
485,Puerto El Triunfo,SV,2022-02-04 16:18:58,13.2833,-88.55,87.96,52,3,4.99
486,Chimbote,PE,2022-02-04 16:18:59,-9.0853,-78.5783,75.61,70,74,8.77
487,Mandalgovi,MN,2022-02-04 16:18:59,45.7625,106.2708,4.55,75,92,7.87
488,Kaka,TM,2022-02-04 16:19:00,37.3482,59.6143,56.3,23,1,5.03
489,Codrington,AU,2022-02-04 16:19:00,-38.2667,141.9667,54.7,93,53,7.99
490,Severo-Yeniseyskiy,RU,2022-02-04 16:19:01,60.3725,93.0408,13.86,89,100,9.15
491,Uyemskiy,RU,2022-02-04 16:19:02,64.4743,40.8524,-3.95,84,20,4.47
492,Matara,LK,2022-02-04 16:19:02,5.9485,80.5353,75.07,79,49,3.53
493,Buraydah,SA,2022-02-04 16:19:02,26.326,43.975,73.85,31,51,12.55
494,Sibolga,ID,2022-02-04 16:19:03,1.7427,98.7792,75.9,88,99,2.95
495,Alto Araguaia,BR,2022-02-04 16:19:03,-17.3147,-53.2153,82.09,66,85,6.6
496,Paka,MY,2022-02-04 16:19:04,4.6374,103.4368,82.33,78,99,9.22
497,Buin,CL,2022-02-04 16:16:44,-33.7333,-70.75,81.05,28,0,7.67
498,Dwarka,IN,2022-02-04 16:19:04,22.2394,68.9678,70.47,58,0,9.35
499,Mariental,NA,2022-02-04 16:20:05,-24.6333,17.9667,89.24,19,99,9.71
500,Fergus Falls,US,2022-02-04 16:20:05,46.283,-96.0776,-3.23,77,0,19.57
501,Makurdi,NG,2022-02-04 16:20:06,7.7411,8.5121,96.3,9,1,9.24
502,Jinchang,CN,2022-02-04 16:20:06,38.4953,102.1739,19.47,34,100,4.43
503,La Paz,BO,2022-02-04 16:17:08,-16.5,-68.15,57.18,66,75,9.22
504,Shakawe,BW,2022-02-04 16:20:06,-18.3667,21.85,77.56,63,66,7.58
505,Constitucion,CL,2022-02-04 16:20:07,-35.3333,-72.4167,68.67,69,11,9.13
506,Marsta,SE,2022-02-04 16:20:07,59.6216,17.8548,39.07,92,100,12.01
507,Oktyabrskiy,RU,2022-02-04 16:20:08,54.4815,53.471,27.1,86,100,10.25
508,Varna,BG,2022-02-04 16:20:08,43.2167,27.9167,39.34,60,0,3.44
509,Champerico,GT,2022-02-04 16:20:08,14.3,-91.9167,89.76,56,1,8.93
510,Teshie,GH,2022-02-04 16:20:09,5.5836,-0.1072,86.56,74,12,10.36
511,Nha Trang,VN,2022-02-04 16:20:09,12.25,109.1833,75.2,87,64,10.02
512,Verkhnevilyuysk,RU,2022-02-04 16:20:09,63.4453,120.3167,-20.47,99,76,2.59
513,Naze,JP,2022-02-04 16:20:10,28.3667,129.4833,52.56,58,97,16.69
514,Alekseyevsk,RU,2022-02-04 16:20:10,57.8406,108.3492,12.9,95,100,9.26
515,Adiake,CI,2022-02-04 16:20:10,5.2863,-3.304,87.39,58,13,12.97
516,Mugur-Aksy,RU,2022-02-04 16:20:11,50.35,90.5,-11.25,81,19,5.93
517,Richards Bay,ZA,2022-02-04 16:20:11,-28.783,32.0377,73.38,94,100,15.73
518,Pecos,US,2022-02-04 16:20:12,31.4229,-103.4932,23.81,68,0,5.75
519,Laguna De Perlas,NI,2022-02-04 16:20:12,12.3429,-83.6712,84.29,61,16,10.69
520,Jalu,LY,2022-02-04 16:20:12,29.0331,21.5482,58.89,44,2,11.77
521,Narsaq,GL,2022-02-04 16:20:13,60.9167,-46.05,10.62,66,97,24.43
522,Coahuayana,MX,2022-02-04 16:20:13,18.7333,-103.6833,81.88,33,5,1.34
523,Progreso,MX,2022-02-04 16:20:14,21.2833,-89.6667,84.31,67,31,5.46
524,Yerbogachen,RU,2022-02-04 16:20:14,61.2767,108.0108,-18.71,100,85,2.91
525,Buritama,BR,2022-02-04 16:20:14,-21.0661,-50.1472,79.07,74,100,4.92
526,Bodden Town,KY,2022-02-04 16:20:15,19.2833,-81.25,86.0,69,20,7.0
527,Hanmer Springs,NZ,2022-02-04 16:20:15,-42.5167,172.8167,54.12,98,100,3.67
528,Carlsbad,US,2022-02-04 16:20:15,33.1581,-117.3506,60.84,30,0,1.01
529,Hamilton,US,2022-02-04 16:20:16,39.1834,-84.5333,24.24,87,100,4.0
530,Bac Lieu,VN,2022-02-04 16:20:16,9.285,105.7244,78.31,77,100,20.78
531,Waterloo,CA,2022-02-04 16:16:39,43.4668,-80.5164,13.32,81,75,5.99
532,Lompoc,US,2022-02-04 16:20:17,34.6391,-120.4579,60.08,75,0,6.91
533,Nuuk,GL,2022-02-04 16:20:17,64.1835,-51.7216,7.41,85,75,11.5
534,Libreville,GA,2022-02-04 16:16:13,0.3925,9.4537,82.76,69,88,8.95
535,Naushki,RU,2022-02-04 16:20:18,50.3828,106.1056,-11.38,99,67,3.47
536,Lethem,GY,2022-02-04 16:20:18,3.3803,-59.7968,92.61,40,97,11.86
537,Astana,KZ,2022-02-04 16:20:18,51.1801,71.446,-0.45,78,0,6.71
538,Katangli,RU,2022-02-04 16:20:19,51.7102,143.2326,4.64,93,100,17.58
539,Marsa Matruh,EG,2022-02-04 16:20:19,31.3525,27.2453,56.39,54,58,23.44
540,Mount Gambier,AU,2022-02-04 16:20:19,-37.8333,140.7667,56.93,87,9,7.92
541,Nantucket,US,2022-02-04 16:20:20,41.2835,-70.0995,51.94,97,100,28.77
542,Warrnambool,AU,2022-02-04 16:20:20,-38.3833,142.4833,55.81,87,8,12.26
543,Komatipoort,ZA,2022-02-04 16:21:21,-25.4332,31.9548,82.06,89,61,9.82
