City_ID,City,Country,Date,Lat,Lng,Max Temp,Humidity,Cloudiness,Wind Speed,Current Description
0,Port Alfred,ZA,2022-02-04 22:26:32,-33.5906,26.891,68.54,79,100,6.64,light rain
1,Dali,CN,2022-02-04 22:26:32,25.7,100.1833,40.14,80,0,2.62,clear sky
2,Clyde River,CA,2022-02-04 22:26:33,70.4692,-68.5914,-7.37,77,100,8.05,light snow
3,Selcuk,TR,2022-02-04 22:26:33,37.9514,27.3685,47.01,76,3,5.53,clear sky
4,Kodiak,US,2022-02-04 22:20:21,57.79,-152.4072,36.91,75,100,4.61,overcast clouds
5,Cherskiy,RU,2022-02-04 22:17:41,68.75,161.3,-34.8,98,13,3.98,few clouds
6,Jamestown,US,2022-02-04 22:22:07,42.097,-79.2353,22.32,63,100,3.0,mist
7,Eureka,US,2022-02-04 22:26:34,40.8021,-124.1637,56.19,78,98,7.0,overcast clouds
8,Albany,US,2022-02-04 22:26:01,42.6001,-73.9662,22.68,87,100,1.99,snow
9,Sobolevo,RU,2022-02-04 22:26:34,54.4299,31.8996,-2.4,100,100,4.03,overcast clouds
10,Bima,ID,2022-02-04 22:26:34,-8.4667,118.7167,76.59,93,91,0.49,overcast clouds
11,Hithadhoo,MV,2022-02-04 22:20:17,-0.6,73.0833,81.54,74,80,11.81,broken clouds
12,Bethel,US,2022-02-04 22:23:43,41.3712,-73.414,34.16,88,100,5.75,moderate rain
13,Sharjah,AE,2022-02-04 22:26:35,25.3573,55.4033,70.25,70,0,4.61,clear sky
14,Leua,SK,2022-02-04 22:26:35,48.2156,18.6071,38.35,83,100,1.48,overcast clouds
15,Sitka,US,2022-02-04 22:26:36,57.0531,-135.33,42.69,87,100,6.91,mist
16,Zhezkazgan,KZ,2022-02-04 22:26:36,47.8043,67.7144,6.03,81,50,11.5,scattered clouds
17,Mufumbwe,ZM,2022-02-04 22:26:36,-13.6833,24.8,63.32,98,100,3.31,overcast clouds
18,Atuona,PF,2022-02-04 22:20:18,-9.8,-139.0333,78.76,77,25,17.27,light rain
19,Caravelas,BR,2022-02-04 22:26:37,-17.7125,-39.2481,77.0,88,100,7.23,overcast clouds
20,Rikitea,PF,2022-02-04 22:16:13,-23.1203,-134.9692,78.44,71,12,7.72,light rain
21,Ushuaia,AR,2022-02-04 22:17:11,-54.8,-68.3,53.26,54,0,17.27,clear sky
22,Tiksi,RU,2022-02-04 22:23:04,71.6872,128.8694,-20.42,98,100,7.43,overcast clouds
23,Busselton,AU,2022-02-04 22:16:14,-33.65,115.3333,65.08,49,0,3.53,clear sky
24,Hof,DE,2022-02-04 22:26:38,50.3167,11.9167,40.78,89,75,16.11,light rain
25,Carmen,MX,2022-02-04 22:26:38,18.6333,-91.8333,78.84,83,75,10.36,mist
26,Victoria,HK,2022-02-04 22:26:38,22.2855,114.1577,58.24,80,98,3.0,overcast clouds
27,Qandala,SO,2022-02-04 22:26:38,11.472,49.8728,74.48,59,5,3.2,clear sky
28,Muros,ES,2022-02-04 22:26:39,42.7762,-9.0603,51.98,88,85,10.16,overcast clouds
29,Hualmay,PE,2022-02-04 22:26:39,-11.0964,-77.6139,73.74,75,21,10.65,few clouds
30,Taiyuan,CN,2022-02-04 22:26:39,37.8694,112.5603,10.26,61,0,2.24,clear sky
31,Algiers,DZ,2022-02-04 22:22:14,36.7525,3.042,48.02,71,0,0.0,clear sky
32,Sao Joao Da Barra,BR,2022-02-04 22:25:26,-21.6403,-41.0511,76.6,84,38,21.47,scattered clouds
33,Nikolskoye,RU,2022-02-04 22:26:40,59.7035,30.7861,19.29,92,80,10.76,broken clouds
34,San Patricio,US,2022-02-04 22:26:40,28.017,-97.5169,46.81,48,69,18.63,broken clouds
35,Imeni Poliny Osipenko,RU,2022-02-04 22:26:41,52.4201,136.4853,-0.44,95,100,4.27,overcast clouds
36,Bengkulu,ID,2022-02-04 22:20:18,-3.8004,102.2655,73.02,95,100,5.17,light rain
37,Mahebourg,MU,2022-02-04 22:22:55,-20.4081,57.7,79.25,89,75,16.11,broken clouds
38,Punta Arenas,CL,2022-02-04 22:17:24,-53.15,-70.9167,57.22,62,0,8.05,clear sky
39,Chapais,CA,2022-02-04 22:25:14,49.7834,-74.8492,-6.02,92,97,3.49,overcast clouds
40,Maniitsoq,GL,2022-02-04 22:26:41,65.4167,-52.9,7.14,71,100,16.87,overcast clouds
41,Zyryanka,RU,2022-02-04 22:26:42,65.75,150.85,-40.49,100,99,2.75,overcast clouds
42,Togur,RU,2022-02-04 22:26:42,58.3631,82.8265,20.62,84,100,11.52,overcast clouds
43,Bredasdorp,ZA,2022-02-04 22:26:42,-34.5322,20.0403,65.52,63,13,10.36,few clouds
44,Ribeira Grande,PT,2022-02-04 22:22:11,38.5167,-28.7,59.38,82,84,15.21,broken clouds
45,Tuktoyaktuk,CA,2022-02-04 22:26:43,69.4541,-133.0374,-23.8,76,0,18.41,clear sky
46,Barrow,US,2022-02-04 22:23:42,71.2906,-156.7887,-25.58,75,100,9.22,haze
47,Dabakala,CI,2022-02-04 22:27:43,8.3667,-4.4333,79.83,12,5,2.1,clear sky
48,Ponta Do Sol,PT,2022-02-04 22:27:44,32.6667,-17.1,65.71,68,100,1.21,overcast clouds
49,Mar Del Plata,AR,2022-02-04 22:27:44,-38.0023,-57.5575,70.09,87,75,1.01,moderate rain
50,Kruisfontein,ZA,2022-02-04 22:27:44,-34.0033,24.7314,63.88,71,100,6.26,overcast clouds
51,Hermanus,ZA,2022-02-04 22:27:45,-34.4187,19.2345,63.81,67,0,19.24,clear sky
52,Dikson,RU,2022-02-04 22:17:32,73.5069,80.5464,-4.45,95,100,6.35,overcast clouds
53,Catuday,PH,2022-02-04 22:27:45,16.2923,119.8062,75.43,78,44,9.15,scattered clouds
54,Port Blair,IN,2022-02-04 22:27:45,11.6667,92.75,75.24,94,40,2.3,mist
55,Saskylakh,RU,2022-02-04 22:20:27,71.9167,114.0833,-6.32,99,100,5.64,light snow
56,Cidreira,BR,2022-02-04 22:27:46,-30.1811,-50.2056,72.09,95,100,2.86,overcast clouds
57,New Norfolk,AU,2022-02-04 22:27:46,-42.7826,147.0587,64.65,71,39,1.01,scattered clouds
58,Bowen,AU,2022-02-04 22:27:46,-20.0167,148.2333,79.02,77,100,17.87,overcast clouds
59,Avarua,CK,2022-02-04 22:27:47,-21.2078,-159.775,84.25,70,20,17.27,few clouds
60,Kavaratti,IN,2022-02-04 22:23:58,10.5669,72.642,78.12,60,98,6.11,overcast clouds
61,Butaritari,KI,2022-02-04 22:23:06,3.0707,172.7902,82.51,75,19,19.28,light rain
62,Fortuna,US,2022-02-04 22:24:23,40.5982,-124.1573,61.41,78,0,1.99,clear sky
63,College,US,2022-02-04 22:25:05,64.8569,-147.8028,5.58,61,75,0.0,broken clouds
64,Thompson,CA,2022-02-04 22:19:00,55.7435,-97.8558,-9.24,59,20,8.05,few clouds
65,Hobart,AU,2022-02-04 22:20:20,-42.8794,147.3294,64.26,83,75,8.05,broken clouds
66,Sao Jose Da Coroa Grande,BR,2022-02-04 22:27:48,-8.8978,-35.1478,79.63,69,26,9.55,scattered clouds
67,Kapaa,US,2022-02-04 22:20:27,22.0752,-159.319,80.11,71,0,1.99,clear sky
68,Salekhard,RU,2022-02-04 22:24:14,66.53,66.6019,4.28,97,100,1.95,overcast clouds
69,Arraial Do Cabo,BR,2022-02-04 22:27:48,-22.9661,-42.0278,76.96,94,40,11.5,scattered clouds
70,Saint-Philippe,RE,2022-02-04 22:27:48,-21.3585,55.7679,80.15,86,100,25.61,moderate rain
71,Altay,CN,2022-02-04 22:27:49,47.8667,88.1167,6.3,54,0,8.9,clear sky
72,Mataura,NZ,2022-02-04 22:23:35,-46.1927,168.8643,56.48,68,93,2.68,overcast clouds
73,Flinders,AU,2022-02-04 22:20:20,-34.5833,150.8552,70.38,72,92,11.01,overcast clouds
74,Castro,BR,2022-02-04 22:27:49,-24.7911,-50.0119,67.59,94,99,6.42,overcast clouds
75,Belaya Gora,RU,2022-02-04 22:24:50,68.5333,146.4167,-39.35,100,48,1.03,scattered clouds
76,Gracac,HR,2022-02-04 22:27:50,44.3006,15.8547,43.38,87,95,2.82,overcast clouds
77,Leningradskiy,RU,2022-02-04 22:27:50,69.3833,178.4167,-14.21,89,45,9.48,scattered clouds
78,Shetpe,KZ,2022-02-04 22:27:50,44.1667,52.1167,37.76,94,99,6.11,overcast clouds
79,Fort Nelson,CA,2022-02-04 22:27:51,58.8053,-122.7002,-11.61,77,100,2.3,light snow
80,Mangla,PK,2022-02-04 22:27:51,31.8931,72.3817,46.51,73,0,5.66,clear sky
81,Tiznit,MA,2022-02-04 22:24:47,29.5833,-9.5,63.28,37,99,3.31,overcast clouds
82,Hasaki,JP,2022-02-04 22:27:52,35.7333,140.8333,34.2,35,55,26.71,broken clouds
83,Chuy,UY,2022-02-04 22:27:52,-33.6971,-53.4616,73.67,87,15,8.57,few clouds
84,Tasiilaq,GL,2022-02-04 22:23:14,65.6145,-37.6368,24.96,68,100,38.79,overcast clouds
85,Progreso,MX,2022-02-04 22:27:52,21.2833,-89.6667,84.31,76,1,12.46,clear sky
86,Lebu,CL,2022-02-04 22:27:53,-37.6167,-73.65,61.5,79,1,18.21,clear sky
87,Denpasar,ID,2022-02-04 22:27:53,-8.65,115.2167,80.26,83,40,16.11,scattered clouds
88,Port Elizabeth,ZA,2022-02-04 22:27:53,-33.918,25.5701,66.49,77,75,2.3,broken clouds
89,Qaanaaq,GL,2022-02-04 22:27:54,77.484,-69.3632,-2.02,69,100,8.01,overcast clouds
90,Karratha,AU,2022-02-04 22:27:54,-20.7377,116.8463,84.04,69,98,9.08,overcast clouds
91,Iqaluit,CA,2022-02-04 22:28:54,63.7506,-68.5145,-16.87,52,75,4.61,broken clouds
92,Puerto Ayora,EC,2022-02-04 22:28:55,-0.7393,-90.3518,82.36,88,82,5.99,broken clouds
93,Nouadhibou,MR,2022-02-04 22:26:32,20.931,-17.0347,69.78,52,1,11.5,clear sky
94,Souillac,MU,2022-02-04 22:28:55,-20.5167,57.5167,79.36,89,75,16.11,light rain
95,Fare,PF,2022-02-04 22:28:56,-16.7,-151.0167,80.44,75,61,14.36,broken clouds
96,Cape Town,ZA,2022-02-04 22:27:48,-33.9258,18.4232,65.88,64,0,3.0,clear sky
97,Ermioni,GR,2022-02-04 22:28:56,37.3869,23.2442,41.94,62,2,1.34,clear sky
98,Chokurdakh,RU,2022-02-04 22:28:56,70.6333,147.9167,-31.23,100,51,2.39,broken clouds
99,Champerico,GT,2022-02-04 22:28:57,14.3,-91.9167,93.74,59,6,13.58,clear sky
100,Wick,GB,2022-02-04 22:28:57,58.4333,-3.0833,37.15,93,40,19.57,scattered clouds
101,Pasighat,IN,2022-02-04 22:28:57,28.0667,95.3333,55.98,92,100,5.84,light rain
102,Huarmey,PE,2022-02-04 22:28:58,-10.0681,-78.1522,74.77,74,13,11.23,few clouds
103,Neiafu,TO,2022-02-04 22:28:58,-18.65,-173.9833,80.55,80,100,21.27,light rain
104,Esperance,AU,2022-02-04 22:28:54,-33.8667,121.9,62.44,77,1,14.0,clear sky
105,East London,ZA,2022-02-04 22:28:56,-33.0153,27.9116,68.83,84,100,8.1,light rain
106,Margate,GB,2022-02-04 22:28:59,51.3813,1.3862,41.88,74,39,3.0,scattered clouds
107,Faanui,PF,2022-02-04 22:20:19,-16.4833,-151.75,80.62,75,26,14.32,scattered clouds
108,Tautira,PF,2022-02-04 22:28:59,-17.7333,-149.15,82.42,77,20,16.26,light rain
109,Whitianga,NZ,2022-02-04 22:29:00,-36.8333,175.7,79.02,75,42,10.27,scattered clouds
110,Yellowknife,CA,2022-02-04 22:27:59,62.456,-114.3525,-22.72,75,40,3.44,scattered clouds
111,Havoysund,NO,2022-02-04 22:29:00,70.9963,24.6622,16.68,87,100,35.41,light snow
112,Lorengau,PG,2022-02-04 22:29:01,-2.0226,147.2712,82.09,70,83,6.2,broken clouds
113,Lewistown,US,2022-02-04 22:29:01,40.5992,-77.5714,31.93,100,100,0.0,light intensity drizzle
114,Selikhino,RU,2022-02-04 22:29:01,50.3672,137.4996,-2.33,98,100,4.79,overcast clouds
115,Bathsheba,BB,2022-02-04 22:29:01,13.2167,-59.5167,79.41,69,40,12.66,scattered clouds
116,Zverinogolovskoye,RU,2022-02-04 22:29:02,54.4586,64.8542,21.16,78,100,12.24,overcast clouds
117,Garnic,RO,2022-02-04 22:29:02,44.7864,21.7944,38.62,71,8,2.28,clear sky
118,Shrewsbury,GB,2022-02-04 22:29:03,52.7101,-2.7521,40.68,81,40,13.8,scattered clouds
119,Yar-Sale,RU,2022-02-04 22:25:08,66.8333,70.8333,5.79,96,100,5.53,overcast clouds
120,Georgetown,MY,2022-02-04 22:27:49,5.4112,100.3354,78.89,92,40,2.3,scattered clouds
121,Iskateley,RU,2022-02-04 22:29:03,67.6803,53.1512,-11.94,100,98,5.93,overcast clouds
122,Yerbogachen,RU,2022-02-04 22:29:03,61.2767,108.0108,-22.04,100,98,3.0,overcast clouds
123,Safranbolu,TR,2022-02-04 22:29:04,41.2508,32.6942,15.87,94,50,1.16,scattered clouds
124,Najran,SA,2022-02-04 22:29:04,17.4924,44.1277,66.85,67,6,8.03,clear sky
125,Kahului,US,2022-02-04 22:29:04,20.8947,-156.47,85.26,66,20,11.5,few clouds
126,Balabac,PH,2022-02-04 22:29:05,7.9868,117.0645,79.79,82,92,22.55,moderate rain
127,Salinopolis,BR,2022-02-04 22:29:05,-0.6136,-47.3561,78.78,84,99,9.4,moderate rain
128,Hilo,US,2022-02-04 22:26:09,19.7297,-155.09,79.61,80,100,5.75,overcast clouds
129,Upernavik,GL,2022-02-04 22:28:15,72.7868,-56.1549,-3.08,100,93,9.84,overcast clouds
130,Meulaboh,ID,2022-02-04 22:29:06,4.1363,96.1285,75.47,87,100,4.21,overcast clouds
131,Fuyang,CN,2022-02-04 22:29:06,32.9,115.8167,30.49,83,2,7.63,clear sky
132,Bethlehem,BR,2022-02-04 22:27:16,-1.4558,-48.5044,77.04,94,75,5.75,moderate rain
133,Jericho,PS,2022-02-04 22:29:06,31.8667,35.45,57.67,77,87,11.1,overcast clouds
134,Lethem,GY,2022-02-04 22:30:07,3.3803,-59.7968,83.7,56,75,7.45,broken clouds
135,Tyrma,RU,2022-02-04 22:30:07,50.0833,132.1667,-15.16,99,100,1.12,overcast clouds
136,Alice Springs,AU,2022-02-04 22:30:08,-23.7,133.8833,60.35,88,2,0.0,clear sky
137,Qasigiannguit,GL,2022-02-04 22:30:09,68.8193,-51.1922,12.45,87,100,6.98,overcast clouds
138,Kenai,US,2022-02-04 22:30:09,60.5544,-151.2583,28.02,91,100,0.0,overcast clouds
139,Vaini,TO,2022-02-04 22:30:10,-21.2,-175.2,78.89,87,100,22.59,moderate rain
140,Westport,US,2022-02-04 22:30:10,41.1415,-73.3579,35.8,92,100,3.0,light rain
141,Nemuro,JP,2022-02-04 22:30:10,43.3236,145.575,23.13,69,21,11.7,few clouds
142,Oriximina,BR,2022-02-04 22:27:17,-1.7656,-55.8661,77.04,88,100,1.16,overcast clouds
143,Basar,IN,2022-02-04 22:27:46,27.9833,94.6667,49.44,99,100,3.22,moderate rain
144,Genhe,CN,2022-02-04 22:30:11,50.7833,121.5167,-3.93,99,100,3.02,overcast clouds
145,Vostok,RU,2022-02-04 22:30:11,46.4856,135.8833,-9.89,98,100,2.86,overcast clouds
146,Nishihara,JP,2022-02-04 22:27:46,26.1842,127.7558,58.28,67,100,11.5,overcast clouds
147,South Lake Tahoe,US,2022-02-04 22:30:12,38.9332,-119.9844,47.52,42,0,5.75,clear sky
148,Grindavik,IS,2022-02-04 22:29:11,63.8424,-22.4338,27.07,74,100,12.66,overcast clouds
149,Richards Bay,ZA,2022-02-04 22:30:13,-28.783,32.0377,71.87,95,100,16.37,heavy intensity rain
150,Narsaq,GL,2022-02-04 22:30:13,60.9167,-46.05,5.22,61,11,13.51,few clouds
151,Namatanai,PG,2022-02-04 22:30:13,-3.6667,152.4333,83.8,70,86,8.59,overcast clouds
152,Rorvik,NO,2022-02-04 22:30:14,64.8621,11.2373,37.51,52,40,25.32,scattered clouds
153,Adrar,MR,2022-02-04 22:30:14,20.5022,-10.0711,66.54,10,32,9.64,scattered clouds
154,Coihaique,CL,2022-02-04 22:30:13,-45.5752,-72.0662,75.15,35,20,5.75,few clouds
155,Coquimbo,CL,2022-02-04 22:30:14,-29.9533,-71.3436,67.73,68,0,10.36,clear sky
156,Mount Gambier,AU,2022-02-04 22:30:15,-37.8333,140.7667,60.71,77,99,12.66,overcast clouds
157,Torbay,CA,2022-02-04 22:30:15,47.6666,-52.7314,32.76,96,100,12.66,mist
158,Soeng Sang,TH,2022-02-04 22:30:15,14.4264,102.4606,64.31,74,15,4.74,few clouds
159,Ryotsu,JP,2022-02-04 22:30:16,38.0833,138.4333,31.96,65,100,22.26,light snow
160,Vila Franca Do Campo,PT,2022-02-04 22:30:16,37.7167,-25.4333,61.2,77,100,10.27,overcast clouds
161,Tecoanapa,MX,2022-02-04 22:30:16,16.5167,-98.75,80.87,61,0,7.94,clear sky
162,Nanortalik,GL,2022-02-04 22:20:25,60.1432,-45.2371,10.94,73,100,41.05,overcast clouds
163,Chokwe,MZ,2022-02-04 22:25:56,-24.5333,32.9833,77.16,62,12,9.64,few clouds
164,Charters Towers,AU,2022-02-04 22:26:37,-20.1,146.2667,75.15,75,70,13.31,broken clouds
165,Harper,LR,2022-02-04 22:30:17,4.375,-7.7169,79.92,81,31,7.85,scattered clouds
166,Bontang,ID,2022-02-04 22:30:17,0.1333,117.5,75.9,85,99,4.25,overcast clouds
167,Katsuura,JP,2022-02-04 22:29:11,35.1333,140.3,44.62,57,39,18.3,scattered clouds
168,Lieksa,FI,2022-02-04 22:30:18,63.3167,30.0167,17.35,81,100,18.59,light snow
169,Pevek,RU,2022-02-04 22:30:19,69.7008,170.3133,-23.4,100,88,6.06,overcast clouds
170,Mulchen,CL,2022-02-04 22:30:19,-37.7167,-72.2333,80.46,37,7,8.9,clear sky
171,Monrovia,LR,2022-02-04 22:30:19,6.3005,-10.7969,78.57,82,39,5.32,scattered clouds
172,Itapora,BR,2022-02-04 22:30:20,-22.0799,-54.7874,78.57,75,72,8.81,broken clouds
173,San Cristobal,VE,2022-02-04 22:29:56,7.7669,-72.225,77.18,79,84,2.82,broken clouds
174,Panzhihua,CN,2022-02-04 22:30:20,26.5851,101.7128,43.68,75,0,1.43,clear sky
175,Zhigansk,RU,2022-02-04 22:30:21,66.7697,123.3711,-29.88,99,99,5.14,overcast clouds
176,Cortez,US,2022-02-04 22:30:21,37.3489,-108.5859,39.42,33,0,0.0,clear sky
177,Mapiripan,CO,2022-02-04 22:30:22,2.8892,-72.1256,84.36,54,97,2.91,overcast clouds
178,Nome,US,2022-02-04 22:30:22,64.5011,-165.4064,6.87,56,0,10.36,clear sky
179,Mackenzie,CA,2022-02-04 22:29:07,55.2999,-123.1698,35.82,87,40,18.41,scattered clouds
180,Valparaiso,CL,2022-02-04 22:30:15,-33.0393,-71.6273,71.24,61,0,10.36,clear sky
181,Ossora,RU,2022-02-04 22:31:22,59.2353,163.0719,8.15,78,100,5.59,overcast clouds
182,Lukulu,ZM,2022-02-04 22:31:23,-14.3707,23.242,64.6,95,81,3.94,broken clouds
183,Bluff,NZ,2022-02-04 22:31:23,-46.6,168.3333,55.8,58,93,6.02,overcast clouds
184,Bundibugyo,UG,2022-02-04 22:31:24,0.7414,30.0417,74.93,49,100,3.27,overcast clouds
185,Akersberga,SE,2022-02-04 22:31:24,59.4794,18.2997,36.1,94,100,6.29,overcast clouds
186,Astoria,US,2022-02-04 22:31:24,46.1879,-123.8313,49.89,92,100,7.0,overcast clouds
187,Krasnovishersk,RU,2022-02-04 22:31:25,60.4078,57.082,9.14,95,100,3.44,overcast clouds
188,Ust-Ilimsk,RU,2022-02-04 22:31:25,58.0006,102.6619,5.99,97,100,5.26,overcast clouds
189,Jurado,CO,2022-02-04 22:31:25,7.1053,-77.7641,79.36,84,56,4.18,light rain
190,Katherine,AU,2022-02-04 22:31:26,-14.4667,132.2667,77.32,94,97,4.61,overcast clouds
191,Novouzensk,RU,2022-02-04 22:31:26,50.4592,48.1431,32.0,99,100,7.76,overcast clouds
192,Kaitangata,NZ,2022-02-04 22:29:31,-46.2817,169.8464,58.93,53,82,5.91,broken clouds
193,Rach Gia,VN,2022-02-04 22:30:12,10.0167,105.0833,73.35,87,34,9.31,scattered clouds
194,Touros,BR,2022-02-04 22:31:27,-5.1989,-35.4608,81.5,71,12,13.96,few clouds
195,Ashland,US,2022-02-04 22:31:27,40.8167,-82.2665,21.58,89,100,6.76,light snow
196,Necochea,AR,2022-02-04 22:31:27,-38.5473,-58.7368,61.03,69,100,8.28,moderate rain
197,Kawalu,ID,2022-02-04 22:31:28,-7.3817,108.2082,71.87,93,90,2.53,overcast clouds
198,Evensk,RU,2022-02-04 22:28:23,61.95,159.2333,15.26,42,0,21.61,clear sky
199,Khatanga,RU,2022-02-04 22:31:28,71.9667,102.5,-37.07,100,66,3.02,broken clouds
200,Cockburn Town,TC,2022-02-04 22:31:29,21.4612,-71.1419,76.96,57,40,11.5,scattered clouds
201,Alofi,NU,2022-02-04 22:30:00,-19.0595,-169.9187,82.29,78,100,9.22,overcast clouds
202,Atherton,GB,2022-02-04 22:31:29,53.5237,-2.4935,41.9,81,24,3.0,few clouds
203,Dingle,PH,2022-02-04 22:31:29,10.9995,122.6711,74.34,90,97,10.78,overcast clouds
204,Ekhabi,RU,2022-02-04 22:31:30,53.5102,142.9671,1.58,93,100,21.12,overcast clouds
205,Santa Ines,BR,2022-02-04 22:31:30,-3.6667,-45.38,74.93,95,100,4.16,overcast clouds
206,Road Town,VG,2022-02-04 22:31:30,18.4167,-64.6167,73.49,88,20,13.8,few clouds
207,Rantauprapat,ID,2022-02-04 22:31:31,2.1,99.8333,71.67,96,99,2.01,overcast clouds
208,Ostrovnoy,RU,2022-02-04 22:31:31,68.0531,39.5131,8.71,91,100,16.49,overcast clouds
209,Provideniya,RU,2022-02-04 22:31:31,64.3833,-173.3,3.63,59,0,12.93,clear sky
210,Alyangula,AU,2022-02-04 22:31:32,-13.8483,136.4192,80.47,89,100,8.05,light intensity shower rain
211,Meridian,US,2022-02-04 22:31:29,43.6121,-116.3915,39.97,58,0,5.01,clear sky
212,North Platte,US,2022-02-04 22:27:42,41.1239,-100.7654,46.29,27,0,11.5,clear sky
213,Mogadishu,SO,2022-02-04 22:30:17,2.0371,45.3438,76.17,86,48,17.43,scattered clouds
214,Garmsar,IR,2022-02-04 22:31:32,35.2182,52.3409,49.77,43,19,4.85,few clouds
215,Skjervoy,NO,2022-02-04 22:31:33,70.0311,20.9714,23.76,64,100,24.18,overcast clouds
216,Husavik,IS,2022-02-04 22:31:33,66.0449,-17.3389,17.51,93,100,4.34,light snow
217,Sharan,RU,2022-02-04 22:31:34,54.8167,54.0,27.59,88,100,10.09,light snow
218,Horadiz,AZ,2022-02-04 22:31:34,39.4488,47.3353,49.12,58,100,2.68,overcast clouds
219,Pingliang,CN,2022-02-04 22:31:35,35.5392,106.6861,17.91,81,100,2.62,overcast clouds
220,Norman Wells,CA,2022-02-04 22:31:35,65.282,-126.8329,-16.56,63,75,19.57,broken clouds
221,Saint-Augustin,CA,2022-02-04 22:31:36,51.226,-58.6502,-2.96,86,100,7.9,overcast clouds
222,Tsaratanana,MG,2022-02-04 22:31:36,-16.7833,47.65,73.09,99,100,4.32,light rain
223,Puerto Palomas,MX,2022-02-04 22:31:37,31.7667,-107.6167,43.93,25,0,13.62,clear sky
224,Ilulissat,GL,2022-02-04 22:31:37,69.2167,-51.1,12.22,79,75,19.57,light shower snow
225,Banda Aceh,ID,2022-02-04 22:31:38,5.5577,95.3222,77.79,81,91,8.43,overcast clouds
226,Bemidji,US,2022-02-04 22:32:38,47.4736,-94.8803,5.25,69,0,10.36,clear sky
227,Palanpur,IN,2022-02-04 22:32:39,24.1667,72.4333,55.49,26,0,4.38,clear sky
228,Namibe,AO,2022-02-04 22:29:36,-15.1961,12.1522,72.75,73,98,8.23,overcast clouds
229,Tonantins,BR,2022-02-04 22:32:40,-2.8731,-67.8022,74.25,97,85,1.48,overcast clouds
230,Conde,BR,2022-02-04 22:32:40,-7.2597,-34.9075,80.06,78,20,9.22,few clouds
231,Lompoc,US,2022-02-04 22:32:17,34.6391,-120.4579,71.22,34,0,9.22,clear sky
232,Bergen,NO,2022-02-04 22:32:41,60.392,5.328,38.64,90,75,10.36,broken clouds
233,Warrington,GB,2022-02-04 22:30:01,53.3925,-2.5802,42.46,82,40,5.01,scattered clouds
234,Auki,SB,2022-02-04 22:32:41,-8.7676,160.7034,81.82,84,100,8.23,overcast clouds
235,North Bend,US,2022-02-04 22:32:41,43.4065,-124.2243,52.25,93,100,6.91,overcast clouds
236,Asosa,ET,2022-02-04 22:32:42,10.0667,34.5333,64.15,22,44,7.23,scattered clouds
237,Tuatapere,NZ,2022-02-04 22:32:42,-46.1333,167.6833,55.81,58,96,4.18,overcast clouds
238,Carnarvon,AU,2022-02-04 22:32:43,-24.8667,113.6333,77.07,65,76,9.22,broken clouds
239,Lima,PE,2022-02-04 22:30:01,-12.0432,-77.0282,76.39,79,0,1.99,clear sky
240,Domoni,KM,2022-02-04 22:32:43,-12.2569,44.5319,79.16,82,100,5.84,light rain
241,Arman,RU,2022-02-04 22:32:43,59.7,150.1667,-2.6,72,85,12.8,overcast clouds
242,Stokmarknes,NO,2022-02-04 22:32:44,68.5646,14.9108,26.49,88,100,9.53,overcast clouds
243,Miri,MY,2022-02-04 22:30:13,4.4148,114.0089,73.54,100,40,2.3,scattered clouds
244,Hengshui,CN,2022-02-04 22:32:44,37.7322,115.7011,22.96,39,29,1.97,scattered clouds
245,Otorohanga,NZ,2022-02-04 22:32:45,-38.1833,175.2,83.57,59,94,5.64,overcast clouds
246,Pangnirtung,CA,2022-02-04 22:32:45,66.1451,-65.7125,-18.4,69,75,6.91,broken clouds
247,Taonan,CN,2022-02-04 22:32:45,45.3333,122.7833,-5.21,80,5,7.38,clear sky
248,Maningrida,AU,2022-02-04 22:32:45,-12.0667,134.2667,79.14,82,97,7.52,overcast clouds
249,Christchurch,NZ,2022-02-04 22:30:59,-43.5333,172.6333,57.9,91,100,4.0,mist
250,Saint George,US,2022-02-04 22:31:01,37.1041,-113.5841,51.26,21,0,5.75,clear sky
251,Kolvereid,NO,2022-02-04 22:32:46,64.8655,11.6047,36.63,65,100,22.3,overcast clouds
252,Knyaze-Volkonskoye,RU,2022-02-04 22:32:46,48.4642,135.4567,-19.86,98,100,2.95,overcast clouds
253,Manuk Mangkaw,PH,2022-02-04 22:32:47,4.8,119.85,80.22,78,97,7.14,overcast clouds
254,Grand Baie,MU,2022-02-04 22:31:14,-20.0182,57.5802,79.45,83,100,8.01,overcast clouds
255,Santa Cruz,BO,2022-02-04 22:32:47,-17.8,-63.1667,82.45,74,75,13.8,broken clouds
256,Aripuana,BR,2022-02-04 22:32:47,-9.1667,-60.6333,74.93,96,99,0.96,overcast clouds
257,Mabaruma,GY,2022-02-04 22:32:48,8.2,-59.7833,73.71,86,8,3.87,clear sky
258,Caapucu,PY,2022-02-04 22:32:48,-26.2167,-57.2,74.17,92,86,6.33,moderate rain
259,Salalah,OM,2022-02-04 22:32:48,17.0151,54.0924,71.69,68,20,1.14,few clouds
260,Tarata,BO,2022-02-04 22:32:49,-17.6167,-66.0167,65.62,75,86,4.76,light rain
261,Maun,BW,2022-02-04 22:32:49,-19.9833,23.4167,69.8,80,95,2.21,light rain
262,Kibala,TD,2022-02-04 22:32:50,9.1104,18.3463,75.45,15,13,7.11,few clouds
263,Young,UY,2022-02-04 22:32:50,-32.6833,-57.6333,78.22,55,92,8.46,overcast clouds
264,Talnakh,RU,2022-02-04 22:32:51,69.4865,88.3972,-0.8,95,99,6.4,overcast clouds
265,Tynda,RU,2022-02-04 22:32:51,55.1667,124.7167,-4.72,81,100,7.63,overcast clouds
266,Yeniseysk,RU,2022-02-04 22:32:52,58.4497,92.1703,21.9,95,100,8.19,light snow
267,Tabriz,IR,2022-02-04 22:32:23,38.08,46.2919,33.26,93,100,4.61,mist
268,Morondava,MG,2022-02-04 22:32:52,-20.2833,44.2833,81.19,70,55,10.96,broken clouds
269,Arona,ES,2022-02-04 22:32:52,28.0996,-16.681,59.99,60,0,1.99,clear sky
270,Muana,BR,2022-02-04 22:32:53,-1.5283,-49.2167,74.71,95,94,7.2,moderate rain
271,Payson,US,2022-02-04 22:33:53,40.0444,-111.7321,38.41,43,40,4.61,scattered clouds
272,Lata,PT,2022-02-04 22:33:53,40.1629,-8.3327,50.05,96,99,1.74,overcast clouds
273,Cabo San Lucas,MX,2022-02-04 22:32:20,22.8909,-109.9124,72.7,56,0,11.5,clear sky
274,Rome,US,2022-02-04 22:33:54,34.257,-85.1647,42.24,83,100,1.01,overcast clouds
275,Pochutla,MX,2022-02-04 22:31:38,15.7432,-96.4661,87.82,56,15,8.41,few clouds
276,Cairns,AU,2022-02-04 22:33:54,-16.9167,145.7667,80.06,93,75,5.75,broken clouds
277,Istok,XK,2022-02-04 22:33:55,42.7808,20.4875,25.72,79,3,3.06,clear sky
278,Capitao Poco,BR,2022-02-04 22:33:49,-1.7464,-47.0594,73.65,96,100,3.69,moderate rain
279,Luderitz,NA,2022-02-04 22:33:55,-26.6481,15.1594,67.14,74,16,7.94,few clouds
280,Jumla,NP,2022-02-04 22:33:55,29.2747,82.1838,17.31,88,91,7.05,overcast clouds
281,Inuvik,CA,2022-02-04 22:29:10,68.3499,-133.7218,-17.54,76,20,4.61,few clouds
282,Sakakah,SA,2022-02-04 22:33:56,29.9697,40.2064,49.57,68,18,13.69,few clouds
283,Saint-Joseph,RE,2022-02-04 22:33:56,-21.3667,55.6167,79.16,84,100,22.32,light rain
284,Yagodnoye,RU,2022-02-04 22:33:57,62.55,149.6667,-27.29,91,89,4.83,overcast clouds
285,Kutum,SD,2022-02-04 22:33:57,14.2,24.6667,54.88,23,5,12.88,clear sky
286,Abu Samrah,SY,2022-02-04 22:33:57,35.3029,37.1841,45.54,89,90,7.45,overcast clouds
287,San Jose,US,2022-02-04 22:32:48,37.3394,-121.895,68.31,37,0,1.01,clear sky
288,Kranea Elassonos,GR,2022-02-04 22:33:58,39.9483,21.9658,30.31,63,0,1.79,clear sky
289,Dawlatabad,AF,2022-02-04 22:33:58,36.4141,64.9053,45.48,35,1,4.56,clear sky
290,San,ML,2022-02-04 22:32:28,13.3034,-4.8956,74.7,11,5,9.75,clear sky
291,Hambantota,LK,2022-02-04 22:33:59,6.1241,81.1185,73.0,84,19,6.87,few clouds
292,Geraldton,AU,2022-02-04 22:33:59,-28.7667,114.6,72.01,33,0,10.36,clear sky
293,Rangapara,IN,2022-02-04 22:34:00,26.8167,92.65,54.12,86,100,4.72,overcast clouds
294,Praia Da Vitoria,PT,2022-02-04 22:34:00,38.7333,-27.0667,57.76,94,40,11.79,scattered clouds
295,Chiredzi,ZW,2022-02-04 22:34:00,-21.05,31.6667,72.59,85,48,10.67,scattered clouds
296,Port Lincoln,AU,2022-02-04 22:30:00,-34.7333,135.8667,66.83,77,87,13.56,overcast clouds
297,Dudinka,RU,2022-02-04 22:34:01,69.4058,86.1778,-0.38,97,99,5.97,overcast clouds
298,Fort Pierce,US,2022-02-04 22:34:01,27.4467,-80.3256,79.09,71,0,5.99,clear sky
299,Constitucion,CL,2022-02-04 22:31:33,-35.3333,-72.4167,64.24,76,18,16.96,few clouds
300,Mantua,IT,2022-02-04 22:34:02,45.1667,10.7833,49.48,89,100,1.81,overcast clouds
301,Old Saybrook,US,2022-02-04 22:34:02,41.2918,-72.3762,35.8,93,75,1.99,light rain
302,Butterworth,MY,2022-02-04 22:34:02,5.3991,100.3638,79.0,96,40,1.99,scattered clouds
303,Casablanca,MA,2022-02-04 22:34:02,33.5928,-7.6192,60.33,82,97,4.0,overcast clouds
304,Los Llanos De Aridane,ES,2022-02-04 22:33:25,28.6585,-17.9182,60.55,79,0,5.99,clear sky
305,Riyadh,SA,2022-02-04 22:33:18,24.6877,46.7219,66.34,61,54,11.63,broken clouds
306,Nigel,ZA,2022-02-04 22:34:03,-26.4314,28.4771,63.39,96,100,7.63,moderate rain
307,Avinurme,EE,2022-02-04 22:34:03,58.9822,26.8642,22.78,95,100,12.86,light snow
308,Bulgan,MN,2022-02-04 22:34:04,48.8125,103.5347,-5.33,87,6,4.59,clear sky
309,San Carlos,VE,2022-02-04 22:34:04,9.6612,-68.5827,80.64,55,51,3.13,broken clouds
310,Teya,RU,2022-02-04 22:34:05,60.3778,92.6267,17.11,89,100,8.88,overcast clouds
311,Nuuk,GL,2022-02-04 22:34:05,64.1835,-51.7216,7.41,51,75,12.66,broken clouds
312,Thinadhoo,MV,2022-02-04 22:34:05,0.5333,72.9333,81.43,73,100,9.66,overcast clouds
313,Koslan,RU,2022-02-04 22:34:06,63.4564,48.8989,-8.32,100,100,1.74,overcast clouds
314,Tambura,SS,2022-02-04 22:30:21,5.6,27.4667,74.07,25,94,5.14,overcast clouds
315,Prachuap Khiri Khan,TH,2022-02-04 22:34:06,12.2167,99.75,75.69,93,35,2.28,scattered clouds
316,Nuoro,IT,2022-02-04 22:35:06,40.3211,9.3297,45.66,82,87,6.31,overcast clouds
317,Okha,RU,2022-02-04 22:35:07,53.5739,142.9478,2.03,92,100,20.42,overcast clouds
318,Bumbuna,SL,2022-02-04 22:35:08,9.05,-11.7333,71.65,30,8,2.59,clear sky
319,Ariquemes,BR,2022-02-04 22:35:08,-9.9133,-63.0408,74.03,96,70,3.18,heavy intensity rain
320,Guadalupe Y Calvo,MX,2022-02-04 22:35:08,26.1,-106.9667,53.04,36,0,4.09,clear sky
321,Celestun,MX,2022-02-04 22:35:09,20.8667,-90.4,76.39,81,4,13.53,clear sky
322,Dauriya,RU,2022-02-04 22:35:09,49.9333,116.8667,-18.98,99,67,3.33,broken clouds
323,The Pas,CA,2022-02-04 22:30:22,53.8251,-101.2541,-12.98,64,40,5.75,scattered clouds
324,Oussouye,SN,2022-02-04 22:30:57,12.485,-16.5469,77.18,55,1,6.64,clear sky
325,Havelock,US,2022-02-04 22:31:36,34.8791,-76.9013,73.63,92,75,11.99,broken clouds
326,Calahorra,ES,2022-02-04 22:35:10,42.3051,-1.9652,51.71,75,100,9.57,overcast clouds
327,Port Macquarie,AU,2022-02-04 22:35:10,-31.4333,152.9167,67.96,64,85,16.89,overcast clouds
328,Bilma,NE,2022-02-04 22:35:10,18.6853,12.9164,57.99,22,3,6.67,clear sky
329,Sijunjung,ID,2022-02-04 22:35:11,-0.6876,100.9537,70.29,97,100,0.18,moderate rain
330,Lowestoft,GB,2022-02-04 22:32:04,52.4752,1.7516,40.21,86,7,19.33,clear sky
331,Vilhena,BR,2022-02-04 22:30:49,-12.7406,-60.1458,71.82,94,75,8.05,broken clouds
332,Mayumba,GA,2022-02-04 22:35:11,-3.432,10.6554,76.42,82,77,0.96,broken clouds
333,Ancud,CL,2022-02-04 22:34:08,-41.8697,-73.8203,64.22,74,83,4.38,broken clouds
334,Praia,CV,2022-02-04 22:35:12,14.9215,-23.5087,72.14,68,0,17.27,clear sky
335,Severo-Kurilsk,RU,2022-02-04 22:35:12,50.6789,156.125,29.75,92,100,6.64,light snow
336,Sibi,PK,2022-02-04 22:35:13,29.5448,67.8764,59.13,26,0,0.81,clear sky
337,Lakatoro,VU,2022-02-04 22:35:13,-16.0999,167.4164,80.42,85,100,22.03,overcast clouds
338,Ialibu,PG,2022-02-04 22:35:13,-6.2821,143.9935,64.27,80,100,0.67,overcast clouds
339,Xining,CN,2022-02-04 22:35:14,36.6167,101.7667,15.26,59,100,3.09,overcast clouds
340,Haines Junction,CA,2022-02-04 22:35:14,60.7522,-137.5108,6.75,61,100,1.14,overcast clouds
341,Yumen,CN,2022-02-04 22:35:14,40.2833,97.2,14.83,38,100,12.59,overcast clouds
342,Kavieng,PG,2022-02-04 22:35:14,-2.5744,150.7967,83.19,71,90,6.49,overcast clouds
343,Broome,US,2022-02-04 22:35:15,42.2506,-75.833,19.78,74,75,1.99,mist
344,Sangar,RU,2022-02-04 22:35:15,63.9242,127.4739,-34.4,100,100,1.01,overcast clouds
345,Soyo,AO,2022-02-04 22:35:15,-6.1349,12.3689,77.92,78,70,6.6,broken clouds
346,Pisco,PE,2022-02-04 22:33:38,-13.7,-76.2167,73.45,68,0,24.16,clear sky
347,Roebourne,AU,2022-02-04 22:35:16,-20.7833,117.1333,85.95,66,100,7.7,overcast clouds
348,Kahna Nau,PK,2022-02-04 22:35:17,31.3692,74.3653,46.44,93,40,4.61,fog
349,Kununurra,AU,2022-02-04 22:34:15,-15.7667,128.7333,78.78,94,75,2.3,broken clouds
350,Lagoa,PT,2022-02-04 22:35:17,39.05,-27.9833,57.65,84,70,19.89,broken clouds
351,Kokoda,PG,2022-02-04 22:35:17,-8.8785,147.7407,86.32,58,95,0.67,overcast clouds
352,Ewo,CG,2022-02-04 22:35:18,-0.8725,14.8206,74.35,79,100,2.39,overcast clouds
353,Burns Lake,CA,2022-02-04 22:30:20,54.2331,-125.7533,42.22,84,88,8.97,overcast clouds
354,Kabare,CD,2022-02-04 22:35:18,-2.4683,28.8242,60.33,96,100,1.54,light rain
355,Lichinga,MZ,2022-02-04 22:35:18,-13.3128,35.2406,64.49,88,75,13.8,broken clouds
356,Oloron-Sainte-Marie,FR,2022-02-04 22:35:19,43.1944,-0.6107,47.77,90,100,2.44,overcast clouds
357,San Ramon,US,2022-02-04 22:32:02,37.7799,-121.978,66.42,46,0,1.01,clear sky
358,Te Anau,NZ,2022-02-04 22:35:19,-45.4167,167.7167,55.54,52,24,3.98,few clouds
359,Portachuelo,BO,2022-02-04 22:35:20,-17.35,-63.4,83.88,87,70,6.24,broken clouds
360,Kimbe,PG,2022-02-04 22:35:20,-5.5502,150.1429,83.44,77,97,5.55,light rain
361,Pangkalanbuun,ID,2022-02-04 22:35:20,-2.6833,111.6167,73.38,98,98,1.68,overcast clouds
362,Sisimiut,GL,2022-02-04 22:31:09,66.9395,-53.6735,5.22,85,100,26.55,overcast clouds
363,Palu,ID,2022-02-04 22:35:21,-0.8917,119.8707,75.88,91,100,2.1,overcast clouds
364,Novikovo,RU,2022-02-04 22:35:21,51.1537,37.8879,2.44,99,63,4.94,broken clouds
365,Sarangani,PH,2022-02-04 22:36:21,5.4033,125.4636,80.67,78,100,23.94,overcast clouds
366,Quatre Cocos,MU,2022-02-04 22:36:22,-20.2078,57.7625,79.09,87,100,17.38,light rain
367,Beringovskiy,RU,2022-02-04 22:36:22,63.05,179.3167,-8.88,87,92,11.74,overcast clouds
368,Portland,US,2022-02-04 22:35:43,45.5234,-122.6762,51.08,86,100,3.0,overcast clouds
369,San Carlos De Bariloche,AR,2022-02-04 22:36:22,-41.1456,-71.3082,65.95,37,40,8.05,scattered clouds
370,Leh,IN,2022-02-04 22:36:23,34.1667,77.5833,-5.4,91,100,3.76,overcast clouds
371,Milove,UA,2022-02-04 22:36:23,49.3787,40.1302,14.56,96,84,6.78,broken clouds
372,Manadhoo,MV,2022-02-04 22:36:23,5.7667,73.3833,81.46,65,55,11.54,broken clouds
373,Woodland,US,2022-02-04 22:35:29,38.6785,-121.7733,68.05,42,0,1.99,clear sky
374,Baisha,CN,2022-02-04 22:36:24,26.5222,110.9311,36.1,94,19,0.47,few clouds
375,Aksarka,RU,2022-02-04 22:36:24,66.5606,67.7975,3.51,98,100,2.15,overcast clouds
376,Lokosovo,RU,2022-02-04 22:36:25,61.1333,74.8167,19.56,96,100,6.78,overcast clouds
377,Bambari,CF,2022-02-04 22:36:25,5.768,20.6757,77.88,20,59,2.08,broken clouds
378,Paamiut,GL,2022-02-04 22:36:25,61.994,-49.6678,7.0,91,100,7.76,light snow
379,Innisfail,AU,2022-02-04 22:36:26,-17.5333,146.0333,78.46,84,100,5.77,light rain
380,Antofagasta,CL,2022-02-04 22:31:36,-23.65,-70.4,67.28,72,5,9.33,clear sky
381,Hami,CN,2022-02-04 22:36:26,42.8,93.45,22.93,36,85,2.84,overcast clouds
382,Pandamatenga,BW,2022-02-04 22:36:26,-18.5278,25.627,67.96,89,97,2.64,overcast clouds
383,Port Hardy,CA,2022-02-04 22:36:27,50.6996,-127.4199,46.58,87,100,4.61,light rain
384,Longyearbyen,SJ,2022-02-04 22:36:27,78.2186,15.6401,19.24,63,40,16.11,scattered clouds
385,Linxia,CN,2022-02-04 22:36:27,35.6003,103.2064,17.28,88,100,0.63,overcast clouds
386,Comodoro Rivadavia,AR,2022-02-04 22:34:48,-45.8667,-67.5,60.66,55,20,8.05,few clouds
387,Flin Flon,CA,2022-02-04 22:34:39,54.7682,-101.865,-13.16,64,75,5.75,broken clouds
388,Hervey Bay,AU,2022-02-04 22:36:28,-25.2986,152.8535,77.04,67,61,14.0,broken clouds
389,Grand Gaube,MU,2022-02-04 22:36:28,-20.0064,57.6608,79.38,83,100,7.0,overcast clouds
390,Moron,AR,2022-02-04 22:36:29,-34.6534,-58.6198,77.97,82,100,6.58,overcast clouds
391,Sao Filipe,CV,2022-02-04 22:36:29,14.8961,-24.4956,73.78,71,0,6.76,clear sky
392,San Pedro,PH,2022-02-04 22:31:40,14.35,121.0167,76.35,78,75,2.3,broken clouds
393,Padang,ID,2022-02-04 22:36:29,-0.9492,100.3543,73.45,91,100,3.2,overcast clouds
394,Tahoua,NE,2022-02-04 22:36:30,14.8888,5.2692,62.15,13,0,14.63,clear sky
395,Varzelandia,BR,2022-02-04 22:36:30,-15.7014,-44.0275,70.38,88,100,2.68,light rain
396,Guerrero Negro,MX,2022-02-04 22:36:30,27.9769,-114.0611,66.88,19,0,7.61,clear sky
397,Ngunguru,NZ,2022-02-04 22:36:31,-35.6167,174.5,75.16,82,42,13.85,scattered clouds
398,Klaksvik,FO,2022-02-04 22:36:31,62.2266,-6.589,36.52,53,93,34.92,overcast clouds
399,Bubaque,GW,2022-02-04 22:36:31,11.2833,-15.8333,78.06,72,3,14.34,clear sky
400,Fez,MA,2022-02-04 22:34:12,34.0372,-4.9998,50.25,57,0,8.05,clear sky
401,Ambon,ID,2022-02-04 22:36:32,-3.6954,128.1814,75.34,88,20,9.22,few clouds
402,Belogorsk,RU,2022-02-04 22:36:32,50.9158,128.4611,-20.72,100,92,3.4,overcast clouds
403,Grenada,ES,2022-02-04 22:32:24,37.1882,-3.6067,57.45,81,20,1.14,few clouds
404,Dakoro,NE,2022-02-04 22:36:33,14.5106,6.765,60.67,15,0,15.59,clear sky
405,Sungaipenuh,ID,2022-02-04 22:36:33,-2.0833,101.3833,63.88,96,100,1.25,overcast clouds
406,Makat,KZ,2022-02-04 22:36:33,47.6469,53.3463,31.95,91,100,9.35,overcast clouds
407,Bambous Virieux,MU,2022-02-04 22:36:34,-20.3428,57.7575,79.21,89,75,16.11,light rain
408,Taoudenni,ML,2022-02-04 22:36:34,22.6783,-3.9836,67.53,12,70,10.33,broken clouds
409,Zhangjiakou,CN,2022-02-04 22:36:34,40.81,114.8794,5.7,67,2,5.99,light snow
410,La Ronge,CA,2022-02-04 22:37:35,55.1001,-105.2842,-10.95,70,100,8.05,overcast clouds
411,Saint-Pierre,RE,2022-02-04 22:37:35,-21.3393,55.4781,80.24,83,75,5.75,light intensity drizzle rain
412,Mecca,SA,2022-02-04 22:37:35,21.4267,39.8261,59.65,57,41,14.92,scattered clouds
413,Okato,NZ,2022-02-04 22:37:36,-39.2,173.8833,68.92,95,100,8.55,light rain
414,Pontes E Lacerda,BR,2022-02-04 22:37:36,-15.2261,-59.3353,75.16,88,91,2.84,moderate rain
415,Guanica,PR,2022-02-04 22:37:36,17.9716,-66.908,78.15,82,18,1.01,few clouds
416,High Rock,BS,2022-02-04 22:37:37,26.6208,-78.2833,77.02,67,0,10.6,clear sky
417,Luanda,AO,2022-02-04 22:32:51,-8.8368,13.2343,77.0,78,20,6.91,few clouds
418,Coruripe,BR,2022-02-04 22:37:37,-10.1256,-36.1756,79.52,71,5,13.0,clear sky
419,De Aar,ZA,2022-02-04 22:37:37,-30.6497,24.0123,62.42,73,0,19.22,clear sky
420,Eyl,SO,2022-02-04 22:37:38,7.9803,49.8164,70.27,69,9,7.81,clear sky
421,Shingu,JP,2022-02-04 22:37:38,33.7333,135.9833,39.9,61,29,16.4,scattered clouds
422,Malakal,SS,2022-02-04 22:37:39,9.5334,31.6605,76.71,16,35,12.08,scattered clouds
423,Saint-Denis,FR,2022-02-04 22:37:39,48.9167,2.3333,41.14,85,20,9.22,few clouds
424,Lasa,IT,2022-02-04 22:37:39,46.6166,10.7002,33.03,73,78,5.28,broken clouds
425,Logan,US,2022-02-04 22:36:34,41.7355,-111.8344,35.28,62,0,1.01,clear sky
426,Gerash,IR,2022-02-04 22:37:40,27.6652,54.1371,58.77,39,0,4.14,clear sky
427,Bela,IN,2022-02-04 22:37:40,25.9333,81.9833,49.77,84,0,5.19,clear sky
428,Kudahuvadhoo,MV,2022-02-04 22:37:41,2.6708,72.8944,81.25,75,70,8.55,broken clouds
429,Santa Fe,AR,2022-02-04 22:36:32,-31.6333,-60.7,81.01,66,100,4.0,overcast clouds
430,Buin,CL,2022-02-04 22:37:41,-33.7333,-70.75,84.52,33,0,7.94,clear sky
431,Honningsvag,NO,2022-02-04 22:37:41,70.9821,25.9704,20.21,87,100,39.21,light snow
432,Leshukonskoye,RU,2022-02-04 22:37:42,64.8989,45.7622,-8.3,100,100,3.42,overcast clouds
433,Manjeshwar,IN,2022-02-04 22:37:42,12.7194,74.8861,70.75,88,58,6.15,broken clouds
434,Erenhot,CN,2022-02-04 22:37:42,43.6475,111.9767,0.95,88,6,9.13,clear sky
435,Rawlins,US,2022-02-04 22:37:43,41.7911,-107.2387,34.02,40,0,17.27,clear sky
436,Hirara,JP,2022-02-04 22:36:34,24.8,125.2833,61.07,63,75,17.27,broken clouds
437,Dasoguz,TM,2022-02-04 22:32:53,41.8363,59.9666,40.95,70,100,13.8,overcast clouds
438,Waipawa,NZ,2022-02-04 22:37:43,-41.4122,175.5153,57.45,91,100,9.75,light rain
439,Fukue,JP,2022-02-04 22:36:50,32.6881,128.8419,41.5,68,100,27.31,overcast clouds
440,Bardiyah,LY,2022-02-04 22:37:44,31.7561,25.0865,52.02,70,6,12.08,clear sky
441,Santa Isabel Do Rio Negro,BR,2022-02-04 22:37:44,-0.4139,-65.0192,75.2,94,77,1.36,broken clouds
442,Codrington,AU,2022-02-04 22:37:45,-38.2667,141.9667,66.02,61,90,14.38,overcast clouds
443,Oksfjord,NO,2022-02-04 22:37:45,70.2396,22.3479,16.72,91,100,14.65,light snow
444,Houma,US,2022-02-04 22:36:35,29.5958,-90.7195,39.2,90,100,9.22,overcast clouds
445,Atambua,ID,2022-02-04 22:37:45,-9.1061,124.8925,75.72,87,88,0.31,overcast clouds
446,Carballo,ES,2022-02-04 22:37:46,43.213,-8.691,50.9,92,97,7.9,overcast clouds
447,Roald,NO,2022-02-04 22:37:46,62.5833,6.1333,39.9,75,75,29.93,broken clouds
448,Mehamn,NO,2022-02-04 22:37:46,71.0357,27.8492,21.09,89,100,30.91,light snow
449,Atar,MR,2022-02-04 22:32:55,20.5169,-13.0499,71.8,11,27,6.29,scattered clouds
450,Trujillo Alto,PR,2022-02-04 22:37:47,18.3547,-66.0074,73.26,82,75,1.01,thunderstorm
451,Asau,RO,2022-02-04 22:37:47,46.4333,26.4,32.4,77,36,5.82,scattered clouds
452,Yulara,AU,2022-02-04 22:37:47,-25.2406,130.9889,66.04,55,0,9.22,clear sky
453,Arrifes,PT,2022-02-04 22:37:48,37.7667,-25.7,59.23,72,20,8.05,few clouds
454,Harrisburg,US,2022-02-04 22:37:48,40.2737,-76.8844,32.52,85,100,4.0,overcast clouds
455,Arshan,RU,2022-02-04 22:37:48,46.2732,44.22,32.45,92,100,17.9,light snow
456,Alcazar De San Juan,ES,2022-02-04 22:37:49,39.3901,-3.2083,48.58,64,100,2.75,overcast clouds
457,Port Augusta,AU,2022-02-04 22:38:49,-32.5,137.7667,77.7,26,57,8.25,broken clouds
458,Yichun,CN,2022-02-04 22:38:49,47.7,128.9,-13.94,100,99,2.37,overcast clouds
459,Dwarka,IN,2022-02-04 22:38:49,22.2394,68.9678,68.9,59,1,7.02,clear sky
460,Lavrentiya,RU,2022-02-04 22:38:50,65.5833,-171.0,-4.54,73,0,6.67,clear sky
461,Fergus Falls,US,2022-02-04 22:38:50,46.283,-96.0776,-3.84,76,100,5.23,overcast clouds
462,Upata,VE,2022-02-04 22:38:50,8.0086,-62.3989,81.19,52,95,3.96,overcast clouds
463,Palau,PW,2022-02-04 22:38:51,7.503,134.621,76.96,94,75,0.0,broken clouds
464,Mazabuka,ZM,2022-02-04 22:38:51,-15.856,27.748,64.92,97,100,0.81,light rain
465,Chernyshevskiy,RU,2022-02-04 22:38:52,63.0128,112.4714,-20.99,100,96,1.54,overcast clouds
466,High Level,CA,2022-02-04 22:35:03,58.5169,-117.136,-0.29,78,100,8.05,light snow
467,Jutai,BR,2022-02-04 22:38:52,-5.1833,-68.9,72.41,99,100,0.92,overcast clouds
468,Chauk,MM,2022-02-04 22:38:52,20.8833,94.8167,63.64,48,0,5.35,clear sky
469,Fairbanks,US,2022-02-04 22:35:37,64.8378,-147.7164,6.82,62,75,0.0,broken clouds
470,Lodja,CD,2022-02-04 22:38:53,-3.4833,23.4333,68.88,93,100,2.75,overcast clouds
471,Bluefield,US,2022-02-04 22:34:14,37.2698,-81.2223,37.44,92,100,8.01,mist
472,Minuri,PH,2022-02-04 22:38:53,16.535,121.8574,69.87,98,96,1.83,overcast clouds
473,Saldanha,ZA,2022-02-04 22:38:54,-33.0117,17.9442,60.85,70,0,15.61,clear sky
474,Cam Ranh,VN,2022-02-04 22:38:54,11.9214,109.1591,73.36,88,40,13.8,scattered clouds
475,Durham,US,2022-02-04 22:38:54,36.0335,-78.8664,69.3,84,100,1.01,overcast clouds
476,Balud,PH,2022-02-04 22:38:55,10.1476,123.6953,78.76,84,98,12.26,overcast clouds
477,Calvinia,ZA,2022-02-04 22:38:18,-31.4707,19.776,70.68,44,0,8.1,clear sky
478,Ayan,RU,2022-02-04 22:38:55,56.45,138.1667,-4.04,71,100,14.47,overcast clouds
479,Aklavik,CA,2022-02-04 22:38:56,68.2191,-135.0107,-17.57,75,0,11.5,clear sky
480,Den Helder,NL,2022-02-04 22:38:56,52.9599,4.7593,43.07,72,75,25.01,broken clouds
481,Mandiana,GN,2022-02-04 22:38:56,10.6333,-8.6833,75.67,14,5,3.96,clear sky
482,Bronnoysund,NO,2022-02-04 22:38:57,65.4625,12.1997,37.51,52,75,25.32,broken clouds
483,Harnosand,SE,2022-02-04 22:38:57,62.6323,17.9379,32.0,93,100,9.48,overcast clouds
484,Totskoye,RU,2022-02-04 22:38:57,52.5248,52.7623,25.3,93,100,7.92,overcast clouds
485,Wenatchee,US,2022-02-04 22:38:58,47.4235,-120.3103,48.56,76,100,0.0,overcast clouds
486,Daru,PG,2022-02-04 22:38:58,-9.0763,143.2092,79.65,85,100,10.25,overcast clouds
487,Ternate,ID,2022-02-04 22:38:58,0.8,127.4,80.49,81,100,5.55,overcast clouds
488,Brockville,CA,2022-02-04 22:38:59,44.5834,-75.6826,13.57,87,100,3.0,overcast clouds
489,Lucapa,AO,2022-02-04 22:38:59,-8.4192,20.7447,62.2,98,74,2.19,broken clouds
490,Bilibino,RU,2022-02-04 22:38:59,68.0546,166.4372,-9.2,78,1,5.03,clear sky
491,Kui Buri,TH,2022-02-04 22:39:00,12.0828,99.8543,79.99,86,35,2.71,scattered clouds
492,Carutapera,BR,2022-02-04 22:39:00,-1.195,-46.02,76.21,93,99,6.4,overcast clouds
493,Kalmunai,LK,2022-02-04 22:39:00,7.4167,81.8167,73.2,78,27,0.49,scattered clouds
494,Hohhot,CN,2022-02-04 22:39:01,40.8106,111.6522,-3.71,77,0,4.47,clear sky
495,Pakaur,IN,2022-02-04 22:39:01,24.6333,87.85,56.75,95,77,3.47,broken clouds
496,Togul,RU,2022-02-04 22:39:01,53.465,85.9128,-9.85,100,84,2.1,broken clouds
497,Cayenne,GF,2022-02-04 22:39:02,4.9333,-52.3333,79.09,88,0,1.99,clear sky
498,Asilah,MA,2022-02-04 22:39:02,35.465,-6.0348,62.46,84,98,7.67,overcast clouds
499,Sao Sebastiao,BR,2022-02-04 22:40:02,-23.76,-45.4097,76.48,93,99,5.93,overcast clouds
500,Vayalar,IN,2022-02-04 22:40:03,9.7,76.3333,69.78,82,60,5.35,broken clouds
501,Waingapu,ID,2022-02-04 22:35:37,-9.6567,120.2641,79.07,81,40,7.7,scattered clouds
502,Ventspils,LV,2022-02-04 22:40:03,57.3894,21.5606,35.53,100,100,13.8,overcast clouds
503,Faya,SA,2022-02-04 22:40:04,18.3851,42.4509,57.31,88,31,6.13,scattered clouds
504,Apt,FR,2022-02-04 22:40:04,43.8833,5.4,51.96,80,16,9.86,few clouds
505,Tazovskiy,RU,2022-02-04 22:40:04,67.4667,78.7,7.65,96,98,6.31,overcast clouds
506,Puerto Del Rosario,ES,2022-02-04 22:40:05,28.5004,-13.8627,67.68,55,0,4.61,clear sky
507,Lahaina,US,2022-02-04 22:40:05,20.8783,-156.6825,85.24,71,0,4.03,clear sky
508,Solnechnyy,RU,2022-02-04 22:40:05,50.7214,136.6319,2.03,97,100,0.89,overcast clouds
509,Kinsale,IE,2022-02-04 22:40:06,51.7075,-8.5306,39.24,87,20,9.22,few clouds
510,Nur,PL,2022-02-04 22:40:06,52.6683,22.3221,39.78,95,100,11.56,overcast clouds
511,Port Keats,AU,2022-02-04 22:37:55,-14.25,129.55,79.61,85,100,3.24,overcast clouds
512,Buraydah,SA,2022-02-04 22:40:07,26.326,43.975,59.45,30,0,10.11,clear sky
513,Pacifica,US,2022-02-04 22:40:07,37.6138,-122.4869,67.73,46,0,3.0,clear sky
514,Nakhon Phanom,TH,2022-02-04 22:40:07,17.3333,104.4167,56.25,84,14,5.91,few clouds
515,Karabuk,TR,2022-02-04 22:40:08,41.2049,32.6277,17.65,94,50,2.48,scattered clouds
516,Paita,PE,2022-02-04 22:37:39,-5.0892,-81.1144,77.56,78,23,17.49,few clouds
517,Saint-Michel-Des-Saints,CA,2022-02-04 22:40:08,46.6834,-73.9159,0.25,92,100,3.24,overcast clouds
518,Bukachacha,RU,2022-02-04 22:40:09,52.9833,116.9167,-6.66,95,100,4.05,overcast clouds
519,Uvalde,US,2022-02-04 22:40:09,29.3669,-99.767,45.55,32,0,13.8,clear sky
520,Ongandjera,NA,2022-02-04 22:40:09,-17.8833,15.0667,72.59,65,100,10.56,light rain
521,Taganak,PH,2022-02-04 22:40:10,6.0833,118.3,75.34,82,100,2.08,light rain
522,Fereydun Kenar,IR,2022-02-04 22:40:10,36.6864,52.5225,52.84,80,0,4.65,clear sky
523,Bolanos De Calatrava,ES,2022-02-04 22:40:10,38.9069,-3.6635,50.68,67,20,4.61,few clouds
524,Ipojuca,BR,2022-02-04 22:40:09,-8.3989,-35.0639,82.31,72,47,7.2,scattered clouds
525,Airai,TL,2022-02-04 22:40:11,-8.9266,125.4092,64.67,80,86,1.45,overcast clouds
526,Abnub,EG,2022-02-04 22:40:11,27.2696,31.1511,52.02,57,6,8.01,clear sky
527,Atbasar,KZ,2022-02-04 22:40:11,51.8,68.3333,9.59,81,100,6.71,overcast clouds
528,Nakhon Nayok,TH,2022-02-04 22:40:12,14.1667,101.1,79.02,71,39,4.34,scattered clouds
529,Tokur,RU,2022-02-04 22:38:58,53.1333,132.9,-23.75,100,84,3.13,broken clouds
530,Keti Bandar,PK,2022-02-04 22:40:12,24.1447,67.4497,68.7,62,0,8.59,clear sky
531,Nortelandia,BR,2022-02-04 22:40:12,-14.4547,-56.8028,76.28,88,86,2.77,overcast clouds
532,Gizo,SB,2022-02-04 22:40:13,-8.103,156.8419,83.41,78,92,11.56,moderate rain
533,Komsomolskiy,UZ,2022-02-04 22:40:13,40.4272,71.7189,36.82,68,11,4.61,few clouds
534,Canyon,US,2022-02-04 22:40:14,34.9803,-101.9188,38.25,71,0,6.38,clear sky
535,Barabai,ID,2022-02-04 22:40:14,-2.5833,115.3833,73.76,97,100,1.03,overcast clouds
536,Bagdarin,RU,2022-02-04 22:40:14,54.4333,113.6,-8.91,93,82,4.7,broken clouds
537,Kambove,CD,2022-02-04 22:40:15,-10.8764,26.5969,57.83,98,99,2.66,overcast clouds
538,Seryshevo,RU,2022-02-04 22:40:15,51.0933,128.3786,-18.92,99,93,2.77,overcast clouds
539,Hay River,CA,2022-02-04 22:40:15,60.8156,-115.7999,-16.62,76,75,8.05,broken clouds
540,Portsmouth,GB,2022-02-04 22:40:16,50.799,-1.0913,42.96,89,79,5.01,broken clouds
541,Kannur,IN,2022-02-04 22:40:16,11.8675,75.3576,67.53,83,66,5.21,broken clouds
542,Plettenberg Bay,ZA,2022-02-04 22:40:16,-34.0527,23.3716,64.69,74,97,8.03,overcast clouds
543,Kashi,CN,2022-02-04 22:40:17,39.4547,75.9797,32.25,54,20,6.71,few clouds
544,Lithakia,GR,2022-02-04 22:40:17,37.7167,20.8333,46.58,69,3,5.06,clear sky
545,Waiuku,NZ,2022-02-04 22:40:17,-37.25,174.75,81.99,72,59,11.27,broken clouds
546,Sorland,NO,2022-02-04 22:41:18,67.667,12.6934,31.87,71,70,27.09,broken clouds
547,Balagansk,RU,2022-02-04 22:41:18,54.0103,103.0544,-3.15,100,99,3.47,overcast clouds
548,Inyonga,TZ,2022-02-04 22:41:18,-6.7167,32.0667,63.64,96,100,2.66,light rain
549,North Las Vegas,US,2022-02-04 22:37:00,36.1989,-115.1175,57.83,20,0,3.44,clear sky
550,Khandyga,RU,2022-02-04 22:41:19,62.6667,135.6,-41.93,100,59,1.9,broken clouds
551,Gerede,TR,2022-02-04 22:41:19,40.8008,32.1969,3.65,92,76,5.73,broken clouds
552,Ahuimanu,US,2022-02-04 22:41:19,21.4447,-157.8378,80.37,59,0,4.0,clear sky
553,Vrangel,RU,2022-02-04 22:41:20,42.7297,133.0839,9.32,62,12,16.98,few clouds
554,The Valley,AI,2022-02-04 22:41:20,18.217,-63.0578,73.26,94,20,9.22,few clouds
555,Ugoofaaru,MV,2022-02-04 22:41:20,5.6667,73.0,81.09,68,8,11.86,clear sky
556,Darhan,MN,2022-02-04 22:41:21,49.4867,105.9228,-9.42,97,14,5.53,few clouds
557,Vardo,NO,2022-02-04 22:41:21,70.3705,31.1107,17.8,90,100,28.79,light snow
558,Sharya,RU,2022-02-04 22:41:22,58.3686,45.5144,8.46,94,92,7.34,overcast clouds
559,Aykhal,RU,2022-02-04 22:41:22,66.0,111.5,-26.07,100,89,4.21,overcast clouds
560,Ha Tinh,VN,2022-02-04 22:37:31,18.3333,105.9,58.77,86,100,4.29,overcast clouds
561,Wanganui,NZ,2022-02-04 22:41:23,-39.9333,175.05,63.73,95,99,11.63,light rain
562,Camacari,BR,2022-02-04 22:41:23,-12.6975,-38.3242,82.17,82,50,6.11,scattered clouds
563,Sept-Iles,CA,2022-02-04 22:41:23,50.2001,-66.3821,1.06,64,75,1.01,broken clouds
564,Mareeba,AU,2022-02-04 22:41:24,-17.0,145.4333,75.43,95,100,1.97,overcast clouds
565,Salcedo,PH,2022-02-04 22:41:24,12.8105,121.4674,74.25,89,96,6.4,overcast clouds
566,Olinda,BR,2022-02-04 22:40:25,-8.0089,-34.8553,82.13,69,40,8.05,scattered clouds
567,Bakurianis Andeziti,GE,2022-02-04 22:41:24,41.7337,43.4724,20.52,97,100,4.92,snow
568,Hammerfest,NO,2022-02-04 22:41:25,70.6634,23.6821,16.25,79,75,17.27,broken clouds
569,San Felipe,VE,2022-02-04 22:41:25,10.3399,-68.7425,71.58,81,3,5.26,clear sky
570,Honiara,SB,2022-02-04 22:41:25,-9.4333,159.95,84.2,78,99,5.17,overcast clouds
571,Bukoba,TZ,2022-02-04 22:41:26,-1.3317,31.8122,67.93,77,100,4.83,overcast clouds
572,Cacoal,BR,2022-02-04 22:41:26,-11.4386,-61.4472,75.61,92,75,3.4,moderate rain
573,Dicabisagan,PH,2022-02-04 22:41:26,17.0818,122.4157,73.99,86,93,9.24,overcast clouds
574,Sola,VU,2022-02-04 22:41:27,-13.8833,167.55,81.7,78,100,24.49,light rain
575,Azare,NG,2022-02-04 22:41:27,11.6765,10.1948,62.55,20,0,9.04,clear sky
576,Olafsvik,IS,2022-02-04 22:41:27,64.8945,-23.7142,27.86,70,100,24.94,overcast clouds
577,Devils Lake,US,2022-02-04 22:41:28,48.1128,-98.8651,-9.06,77,0,1.99,clear sky
578,Eastbourne,GB,2022-02-04 22:41:28,50.7687,0.2845,42.1,79,71,5.01,broken clouds
579,Pacific Grove,US,2022-02-04 22:41:28,36.6177,-121.9166,70.57,53,0,4.0,clear sky
580,Waiouru,NZ,2022-02-04 22:41:29,-39.4833,175.6667,62.02,94,91,0.85,overcast clouds
581,San Lorenzo,PY,2022-02-04 22:41:29,-25.3333,-57.5333,74.59,94,100,18.01,thunderstorm with light rain
582,Guanhaes,BR,2022-02-04 22:41:29,-18.775,-42.9325,68.2,98,100,3.06,overcast clouds
583,Pokrovsk,UA,2022-02-04 22:41:30,48.282,37.1758,18.52,98,97,7.25,overcast clouds
584,Samarai,PG,2022-02-04 22:41:30,-10.6167,150.6667,83.97,73,87,8.1,overcast clouds
585,Tabuk,PH,2022-02-04 22:41:30,17.4189,121.4443,68.13,93,51,4.79,broken clouds
586,Kaniama,CD,2022-02-04 22:41:31,-7.5667,24.1833,62.15,97,100,1.7,overcast clouds
587,Da Nang,VN,2022-02-04 22:41:31,16.0678,108.2208,67.98,83,75,1.14,broken clouds
588,Itarema,BR,2022-02-04 22:42:31,-2.9248,-39.9167,79.65,78,84,12.03,broken clouds
589,Mezhdurechensk,RU,2022-02-04 22:42:32,53.6942,88.0603,-0.11,99,75,2.8,broken clouds
590,Barcelos,PT,2022-02-04 22:42:32,41.5388,-8.6151,50.85,86,81,4.63,broken clouds
591,Kandete,TZ,2022-02-04 22:42:32,-9.15,33.8,60.19,92,100,1.23,overcast clouds
592,Bitung,ID,2022-02-04 22:42:33,1.4451,125.1824,72.45,84,100,5.77,overcast clouds
593,Simbahan,PH,2022-02-04 22:42:33,6.3032,120.5836,79.97,80,98,13.96,overcast clouds
594,Alvaraes,BR,2022-02-04 22:42:33,-3.2208,-64.8042,76.87,98,95,3.47,overcast clouds
595,Maturin,VE,2022-02-04 22:42:34,9.75,-63.1767,78.28,55,1,9.6,clear sky
596,Zaraza,VE,2022-02-04 22:42:34,9.3503,-65.3245,78.4,60,53,11.34,broken clouds
597,Ulladulla,AU,2022-02-04 22:42:34,-35.35,150.4667,67.1,73,100,11.52,overcast clouds
598,Sambava,MG,2022-02-04 22:42:35,-14.2667,50.1667,76.62,84,100,3.71,light rain
599,Impfondo,CG,2022-02-04 22:42:35,1.6381,18.0667,72.64,34,100,1.9,overcast clouds
600,Mandalgovi,MN,2022-02-04 22:42:35,45.7625,106.2708,2.98,79,9,8.21,clear sky
601,Gamba,GA,2022-02-04 22:42:35,-2.65,10.0,75.76,85,57,2.04,broken clouds
602,Dunedin,NZ,2022-02-04 22:38:12,-45.8742,170.5036,58.8,58,100,5.99,overcast clouds
603,Katsina,NG,2022-02-04 22:42:36,12.9894,7.6006,61.07,15,0,10.49,clear sky
604,Ulaanbaatar,MN,2022-02-04 22:42:21,47.9077,106.8832,-23.67,69,0,0.0,clear sky
605,Ayr,GB,2022-02-04 22:42:36,55.4627,-4.6339,40.98,70,40,16.11,scattered clouds
606,Rio Grande,BR,2022-02-04 22:38:53,-32.035,-52.0986,76.95,89,28,7.52,scattered clouds
607,Lai,TD,2022-02-04 22:42:37,9.3952,16.2989,72.88,16,34,6.49,scattered clouds
608,Byron Bay,AU,2022-02-04 22:42:37,-28.65,153.6167,75.06,58,99,20.92,overcast clouds
609,Jansath,IN,2022-02-04 22:42:37,29.3333,77.85,47.26,93,11,4.56,few clouds
610,Gravdal,NO,2022-02-04 22:42:38,68.1214,13.5031,26.24,82,96,19.98,overcast clouds
611,Pangody,RU,2022-02-04 22:42:38,65.85,74.4859,11.89,96,100,5.44,light snow
612,Agirish,RU,2022-02-04 22:42:38,61.9247,63.0231,1.29,96,100,2.95,overcast clouds
613,Oromocto,CA,2022-02-04 22:42:39,45.8351,-66.4792,19.94,87,100,17.0,overcast clouds
614,Dandong,CN,2022-02-04 22:42:39,40.1292,124.3947,6.67,79,1,3.91,clear sky
615,Niagara Falls,CA,2022-02-04 22:37:58,43.1001,-79.0663,20.91,85,100,3.44,haze
616,Tiarei,PF,2022-02-04 22:42:39,-17.5333,-149.3333,82.42,76,11,16.13,light rain
617,Setermoen,NO,2022-02-04 22:42:40,68.861,18.3486,15.76,88,92,8.86,overcast clouds
618,Rochegda,RU,2022-02-04 22:42:40,62.8,43.25,-11.2,100,100,3.11,overcast clouds
619,Lagos,NG,2022-02-04 22:42:40,6.5833,3.75,82.72,87,0,2.37,clear sky
620,Bagojo,MX,2022-02-04 22:42:41,25.8667,-109.1167,71.51,32,0,13.96,clear sky
621,Andenes,NO,2022-02-04 22:42:41,69.3143,16.1194,22.98,74,75,11.5,broken clouds
622,Kilindoni,TZ,2022-02-04 22:42:41,-7.9139,39.6668,79.36,83,83,10.8,moderate rain
623,Port Antonio,JM,2022-02-04 22:42:42,18.18,-76.4612,82.31,78,35,9.1,scattered clouds
624,Sergeyevka,KZ,2022-02-04 22:41:16,53.88,67.4158,19.8,79,100,8.75,overcast clouds
625,Mgandu,TZ,2022-02-04 22:42:42,-5.95,34.1333,59.95,95,100,7.45,overcast clouds
626,Itoman,JP,2022-02-04 22:42:42,26.1247,127.6694,59.02,65,75,21.85,broken clouds
627,Iwanai,JP,2022-02-04 22:42:43,42.9744,140.5089,23.4,76,100,4.79,light snow
628,Stillwater,US,2022-02-04 22:39:16,36.1156,-97.0584,34.09,47,0,11.5,clear sky
629,Oranjestad,AW,2022-02-04 22:37:47,12.524,-70.027,82.35,69,40,17.27,scattered clouds
630,Athabasca,CA,2022-02-04 22:42:43,54.7169,-113.2854,11.25,94,100,5.32,light snow
631,Nikolayevsk-Na-Amure,RU,2022-02-04 22:42:44,53.1406,140.73,2.01,97,100,5.64,light snow
632,Onguday,RU,2022-02-04 22:42:44,50.75,86.15,-12.69,98,23,3.24,few clouds
633,Knysna,ZA,2022-02-04 22:42:44,-34.0363,23.0471,64.78,75,99,6.46,overcast clouds
634,Diu,IN,2022-02-04 22:42:44,20.7141,70.9822,61.7,60,21,5.44,few clouds
635,Kikwit,CD,2022-02-04 22:42:45,-5.041,18.8162,69.94,92,100,1.41,overcast clouds
636,Laguna,US,2022-02-04 22:42:45,38.421,-121.4238,67.66,40,0,1.01,clear sky
637,Kampot,KH,2022-02-04 22:43:45,10.6167,104.1833,78.85,81,46,5.55,scattered clouds
638,Sur,OM,2022-02-04 22:43:46,22.5667,59.5289,69.51,61,2,6.87,clear sky
639,Shimoda,JP,2022-02-04 22:43:46,34.6667,138.95,39.11,65,10,28.72,clear sky
640,Svetlyy,RU,2022-02-04 22:43:46,54.675,20.1347,41.05,90,100,17.96,overcast clouds
641,Isangel,VU,2022-02-04 22:43:47,-19.55,169.2667,78.91,94,100,4.61,moderate rain
642,Acarau,BR,2022-02-04 22:43:47,-2.8856,-40.12,79.61,79,76,12.15,broken clouds
643,Batagay,RU,2022-02-04 22:43:47,67.6333,134.6333,-39.55,98,35,1.79,scattered clouds
644,Kaduna,NG,2022-02-04 22:43:48,10.5222,7.4383,66.25,14,0,9.4,clear sky
645,Coffs Harbour,AU,2022-02-04 22:43:48,-30.3,153.1333,66.47,82,40,16.11,light rain
646,Pedernales,DO,2022-02-04 22:43:48,18.0384,-71.744,77.58,69,6,1.36,clear sky
647,Gotsu,JP,2022-02-04 22:43:49,35.0,132.2167,35.02,57,100,24.7,overcast clouds
648,Umm Lajj,SA,2022-02-04 22:43:49,25.0213,37.2685,60.96,48,5,7.92,clear sky
649,Labuhan,ID,2022-02-04 22:43:49,-6.8844,112.2051,78.37,84,83,8.34,broken clouds
650,Mindelo,CV,2022-02-04 22:43:50,16.8901,-24.9804,71.15,73,20,23.02,few clouds
651,Viedma,AR,2022-02-04 22:43:50,-40.8135,-62.9967,65.41,70,100,17.78,overcast clouds
652,Makinsk,KZ,2022-02-04 22:43:50,52.6292,70.4169,5.97,78,100,6.58,overcast clouds
653,Moussoro,TD,2022-02-04 22:43:51,13.6408,16.4901,63.86,19,1,17.43,clear sky
654,Dmitriyevka,RU,2022-02-04 22:43:51,54.75,55.3333,31.55,81,100,11.01,light snow
655,Maumere,ID,2022-02-04 22:43:51,-8.6199,122.2111,80.11,84,100,8.63,overcast clouds
656,Udachnyy,RU,2022-02-04 22:43:52,66.4167,112.4,-32.48,100,68,3.76,broken clouds
657,Sao Felix Do Xingu,BR,2022-02-04 22:43:52,-6.6447,-51.995,75.18,90,41,2.04,moderate rain
658,Sabya,SA,2022-02-04 22:43:52,17.1495,42.6254,78.42,75,4,7.74,clear sky
659,Sao Gabriel Da Cachoeira,BR,2022-02-04 22:43:52,-0.1303,-67.0892,75.22,97,98,0.78,overcast clouds
660,Preston,GB,2022-02-04 22:41:11,53.7667,-2.7167,42.85,79,27,1.99,scattered clouds
661,Lovington,US,2022-02-04 22:43:53,32.944,-103.3485,40.32,23,0,5.01,clear sky
662,Madimba,TZ,2022-02-04 22:43:53,-10.4,40.3333,77.27,90,71,8.48,moderate rain
663,Anloga,GH,2022-02-04 22:43:54,5.7947,0.8973,82.62,80,10,7.63,clear sky
664,Sungairaya,ID,2022-02-04 22:43:54,0.7,108.9,75.88,91,99,8.25,overcast clouds
665,Bar Harbor,US,2022-02-04 22:43:54,44.3876,-68.2039,21.11,86,100,1.99,light snow
666,Santiago Del Estero,AR,2022-02-04 22:42:49,-27.7951,-64.2615,76.26,75,96,8.23,overcast clouds
667,Gondar,ET,2022-02-04 22:43:55,12.6,37.4667,56.7,67,34,4.85,scattered clouds
668,Scarborough,GB,2022-02-04 22:42:45,54.2797,-0.4044,37.33,82,7,5.01,clear sky
669,Lavumisa,SZ,2022-02-04 22:43:55,-27.31,31.892,70.92,97,100,5.1,light rain
670,Gunjur,GM,2022-02-04 22:43:55,13.2019,-16.7339,73.47,64,0,5.75,clear sky
671,Kovrov,RU,2022-02-04 22:43:56,56.3572,41.3192,4.91,98,79,6.4,broken clouds
672,Anadyr,RU,2022-02-04 22:43:56,64.75,177.4833,12.7,44,1,22.37,clear sky
673,Tual,ID,2022-02-04 22:43:56,-5.6667,132.75,83.79,76,100,15.7,overcast clouds
674,Nova Olimpia,BR,2022-02-04 22:43:57,-14.7972,-57.2881,75.96,90,62,3.78,broken clouds
675,Wajima,JP,2022-02-04 22:43:57,37.4,136.9,33.04,76,100,20.87,light snow
676,Calabozo,VE,2022-02-04 22:43:57,8.9242,-67.4293,88.83,38,90,4.41,overcast clouds
677,Northam,GB,2022-02-04 22:43:58,51.0333,-4.2167,44.62,72,46,15.99,scattered clouds
678,Chicama,PE,2022-02-04 22:43:58,-7.8447,-79.1469,70.34,68,66,8.95,broken clouds
679,Hendaye,FR,2022-02-04 22:43:59,43.3717,-1.7738,53.26,87,100,3.44,overcast clouds
680,Deputatskiy,RU,2022-02-04 22:43:59,69.3,139.9,-30.24,100,70,2.44,broken clouds
681,Poum,NC,2022-02-04 22:43:59,-20.2333,164.0167,81.48,82,100,19.93,overcast clouds
682,Clearlake,US,2022-02-04 22:45:00,38.9582,-122.6264,66.25,25,74,0.96,broken clouds
683,Amapa,BR,2022-02-04 22:45:00,1.0,-52.0,72.32,98,100,2.01,overcast clouds
684,Aasiaat,GL,2022-02-04 22:45:00,68.7098,-52.8699,8.28,78,100,18.34,overcast clouds
685,Ulaangom,MN,2022-02-04 22:45:01,49.9811,92.0667,-23.35,92,93,2.33,overcast clouds
686,Filingue,NE,2022-02-04 22:45:01,14.3521,3.3168,66.07,12,1,11.25,clear sky
687,Arteaga,MX,2022-02-04 22:45:01,18.4667,-102.4167,75.99,42,14,7.2,few clouds
